American Express,8374,americanexpress.com,214,0,0,American Express
American Express,8374,americanexpress.com,214,0,0,American Express
American Express Travel,10951038,travel.americanexpress.com,214,0,,American Express
American Express,8374,americanexpress.com,214,0,0,American Express
American Express Travel,10951038,travel.americanexpress.com,214,0,,American Express
American Express Travel,10951038,travel.americanexpress.com,214,0,,American Express
American Express,11036578,plenti.com,9586,0,-161,American Express
American Express,11036578,plenti.com,9586,0,-161,American Express
American Express,11036578,plenti.com,9586,0,-161,American Express
American Express Network,11062113,amexnetwork.com,120629,0,-322,American Express
American Express Network,11062113,amexnetwork.com,120629,0,-322,American Express
American Express Network,11062113,amexnetwork.com,120629,0,-322,American Express
Cruise Planners - American Express Travel,173927,cruiseplanners.com,1089348,0,-63,American Express
Cruise Planners - American Express Travel,173927,cruiseplanners.com,1089348,0,-63,American Express
Cruise Planners - American Express Travel,173927,cruiseplanners.com,1089348,0,-63,American Express
American Flags Express Inc.,10747599,flagsexpress.com,1152856,0,18,American Express
American Flags Express Inc.,10747599,flagsexpress.com,1152856,0,18,American Express
American Flags Express Inc.,10747599,flagsexpress.com,1152856,0,18,American Express
cook travel american express,10707191,cooktravel.net,1427010,0,7,American Express
cook travel american express,10707191,cooktravel.net,1427010,0,7,American Express
cook travel american express,10707191,cooktravel.net,1427010,0,7,American Express
AMERICAN EXPRESS BARCELO VIAJES,10753714,amexbarcelo.com,2631396,0,23,American Express
AMERICAN EXPRESS BARCELO VIAJES,10753714,amexbarcelo.com,2631396,0,23,American Express
AMERICAN EXPRESS BARCELO VIAJES,10753714,amexbarcelo.com,2631396,0,23,American Express
American West WorldWide Express,10291238,awest.com,4130381,0,-47,American Express
American West WorldWide Express,10291238,awest.com,4130381,0,-47,American Express
American West WorldWide Express,10291238,awest.com,4130381,0,-47,American Express
All Seasons Travel/American Express,10542495,allseasonstravel.com,7449077,0,31,American Express
All Seasons Travel/American Express,10542495,allseasonstravel.com,7449077,0,31,American Express
All Seasons Travel/American Express,10542495,allseasonstravel.com,7449077,0,31,American Express
Voyages Lennoxville American Express,10435328,voyageslennoxville.com,13961414,0,5,American Express
Voyages Lennoxville American Express,10435328,voyageslennoxville.com,13961414,0,5,American Express
Voyages Lennoxville American Express,10435328,voyageslennoxville.com,13961414,0,5,American Express
"Jim's Travel Link, Inc. an American Express Representative",10199103,jimstravel.com,16314264,0,10,American Express
"Jim's Travel Link, Inc. an American Express Representative",10199103,jimstravel.com,16314264,0,10,American Express
"Jim's Travel Link, Inc. an American Express Representative",10199103,jimstravel.com,16314264,0,10,American Express
American Home Care Express,10476048,ahce.us,18650453,0,11,American Express
American Home Care Express,10476048,ahce.us,18650453,0,11,American Express
American Home Care Express,10476048,ahce.us,18650453,0,11,American Express
American Express Community Stadium,10475473,azure.uk.com,100000000000000,0,,American Express
Total Cruise & Travel Experts - An American Express/Cruise Planners Travel Services Agency,10486007,totaltravelexperts.com,100000000000000,0,0,American Express
American Express Community Stadium,10475473,azure.uk.com,100000000000000,0,,American Express
Obriy American Express,10397758,obriy.ua,100000000000000,0,7,American Express
American Express Cruise Planner and Full Service TravelSpecialist,10726000,seasationalcruises.com,100000000000000,0,,American Express
Caminos Turismo y Viajes - American Express Travel Service,10613028,caminosturismo.com.ar,100000000000000,0,0,American Express
American Express Co (Mexico),10836411,mxpromo.com,100000000000000,0,,American Express
Jacaranda Travel/American Express,10222611,jacarandatravel.com,100000000000000,0,4,American Express
Cruise Planners/American Express,10843267,bunnyscruisesandvacations.com,100000000000000,0,-6,American Express
Voyages VP&A American Express,10967356,voyagesvpa.com,100000000000000,0,,American Express
Always Travel Inc/ American Express Travel Services,10240042,alwaystravel.ca,100000000000000,0,,American Express
American Express Ventures,18628,"",100000000000000,0,0,American Express
Jacaranda Travel/American Express,10222611,jacarandatravel.com,100000000000000,0,4,American Express
Always Travel Inc/ American Express Travel Services,10240042,alwaystravel.ca,100000000000000,0,,American Express
American Express Ventures,18628,"",100000000000000,0,0,American Express
Obriy American Express,10397758,obriy.ua,100000000000000,0,7,American Express
Always Travel Inc/ American Express Travel Services,10240042,alwaystravel.ca,100000000000000,0,,American Express
Jacaranda Travel/American Express,10222611,jacarandatravel.com,100000000000000,0,4,American Express
American Express Community Stadium,10475473,azure.uk.com,100000000000000,0,,American Express
Voyages VP&A American Express,10967356,voyagesvpa.com,100000000000000,0,,American Express
Cruise Planners/American Express,10843267,bunnyscruisesandvacations.com,100000000000000,0,-6,American Express
Obriy American Express,10397758,obriy.ua,100000000000000,0,7,American Express
Vista Travel Inc. / American Express,10523295,vistat.com,100000000000000,0,0,American Express
American Express Co (Mexico),10836411,mxpromo.com,100000000000000,0,,American Express
Caminos Turismo y Viajes - American Express Travel Service,10613028,caminosturismo.com.ar,100000000000000,0,0,American Express
Vista Travel Inc. / American Express,10523295,vistat.com,100000000000000,0,0,American Express
SI travel American Express,10514356,sialliance.com,100000000000000,0,,American Express
Total Cruise & Travel Experts - An American Express/Cruise Planners Travel Services Agency,10486007,totaltravelexperts.com,100000000000000,0,0,American Express
American Express Cruise Planner and Full Service TravelSpecialist,10726000,seasationalcruises.com,100000000000000,0,,American Express
Vista Travel Inc. / American Express,10523295,vistat.com,100000000000000,0,0,American Express
American Express Cruise Planner and Full Service TravelSpecialist,10726000,seasationalcruises.com,100000000000000,0,,American Express
Caminos Turismo y Viajes - American Express Travel Service,10613028,caminosturismo.com.ar,100000000000000,0,0,American Express
American Express Co (Mexico),10836411,mxpromo.com,100000000000000,0,,American Express
Total Cruise & Travel Experts - An American Express/Cruise Planners Travel Services Agency,10486007,totaltravelexperts.com,100000000000000,0,0,American Express
Cruise Planners/American Express,10843267,bunnyscruisesandvacations.com,100000000000000,0,-6,American Express
Voyages VP&A American Express,10967356,voyagesvpa.com,100000000000000,0,,American Express
SI travel American Express,10514356,sialliance.com,100000000000000,0,,American Express
American Express Ventures,18628,"",100000000000000,0,0,American Express
SI travel American Express,10514356,sialliance.com,100000000000000,0,,American Express
BattleStation,262005,itunes.apple.com,41,0,491,Apple
Storm - A Dark Twisted Tragedy.,261103,itunes.apple.com,41,0,543,Apple
Apple,547,apple.com,41,0,297,Apple
Dream Swim,260381,itunes.apple.com,41,0,542,Apple
applegate,271125,applegate.com,275186,0,52,Apple
appleandeve.com,317545,appleandeve.com,1069913,0,231,Apple
Apple Seeds,110522,appleseedsplay.com,1631138,0,37,Apple
AppleTree Institute for Education Innovation,224610,appletreeinstitute.org,1659683,0,70,Apple
ApplePie Capital,10022600,applepiecapital.com,2044788,0,130,Apple
Appleton Creative,10180949,appletoncreative.com,2330834,0,5,Apple
Wood keys for Macbook & Apple Keyboards,258781,rawbkny.com,2436076,0,-4,Apple
Spool Dock: The Modern Apple Dock with a Twist,262156,quellandco.com,2499846,0,105,Apple
Applegate,10026440,applegatefarms.com,3559371,0,34,Apple
AppLearn,157001,applearn.tv,3638174,0,32,Apple
Apple Tree Partners,4205,appletreepartners.com,3657396,0,0,Apple
appleadvertising.com.au,10022156,appleadvertising.com.au,5460446,0,46,Apple
AppleTree.com,43591,appletree.com,5769745,0,-40,Apple
AppleWhite Dental,10744064,applewhite-dp.com,5975682,0,38,Apple
CORNICE (Apple Certified),10148204,cornicemac.com,6980427,0,14,Apple
c/dock - For the Apple iPhone,256103,thecdock.com,13298985,0,0,Apple
Applewhite Aero,304335,applewhiteaero.com,15338362,0,-10,Apple
Bacon & Apples,10177921,baconandapples.com,15906542,0,2,Apple
Robert Applebaum MD,152379,applebaummd.com,16665828,0,20,Apple
Applesnapz Limited,212357,snapzcrisps.com,18367123,0,-3,Apple
Sound Crown-Apple vs. Headwear / Changeable Cap/Watch S,260342,pixsoleco.com,20791596,0,19,Apple
Touchtype: A Case for iPad and Apple Wireless Keyboard,258668,touchtypecase.com,22596714,0,28,Apple
Green Apple Media,11228,greenapplemedia.ie,100000000000000,0,-11,Apple
"KING PONG PROJECT: You vote, We build. iPhone & Apple T",260206,polar-b.com,100000000000000,0,-7,Apple
Apple Toon,212774,appletoon.com,100000000000000,0,-6,Apple
James Appleyard,18126,"",100000000000000,0,0,Apple
eXoskeleton Case & Stand - Get a grip on your Apple iPa,260470,kenhellewell.com,100000000000000,0,0,Apple
PointScribe for the Apple Mac & iPad Platforms,260673,pointscribe.com,100000000000000,0,-27,Apple
Appletree Photography,10064045,appletreephotography.co.uk,100000000000000,0,,Apple
Apple Video Facilities,10056687,applevideo.co.uk,100000000000000,0,20,Apple
Big Apple Fun Center,10058015,bigapplefuncenter.net,100000000000000,0,,Apple
Local Apple,10000152,localapple.ca,100000000000000,0,-3,Apple
Apple Polishers Toastmasters,10062558,hillarysaffran.com,100000000000000,0,-67,Apple
Big Apple Volkswagen,10183663,bigapplevw.com,100000000000000,0,,Apple
APPLE STARS TOO!,258790,token-horseman-entertainment.com,100000000000000,0,0,Apple
Red Apple Marketing International Inc.,10170206,redapplepartners.com,100000000000000,0,,Apple
applearn,10169213,applearn.com,100000000000000,0,,Apple
Rotten Apples Magazine,10171929,rottenapplesmag.com,100000000000000,0,,Apple
Applecroft Homes,10040488,applecrofthomes.co.uk,100000000000000,0,0,Apple
The Apple Guys,10173562,theappleguys.co.uk,100000000000000,0,,Apple
Apple Contracting,10179153,appleinc.net,100000000000000,0,-5,Apple
"Coldwell Banker Burnet, Apple Valley",10202558,market1online.com,100000000000000,0,,Apple
Appletons,10201082,appletongroup.co.uk,100000000000000,0,0,Apple
Green Apple Marketing,10193143,greenapplemarketing.ca,100000000000000,0,,Apple
Red Apple Insurance,10196866,redapplemail.com,100000000000000,0,,Apple
"Core Commercial, Inc. Appleton, WI",10190841,corewis.com,100000000000000,0,28,Apple
HotelQuickly,143641,hotelquickly.com,97901,0,575,HotelQuickly
Ripple,274266,ripple.com,78302,0,268,Ripple
Ripple Charts,242079,ripplecharts.com,254038,0,-163,Ripple
Ripplewerkz,10069075,ripplewerkz.com,823631,0,-80,Ripple
Ripple Labs,27622,ripplelabs.com,1643115,0,0,Ripple
Ripple Labs,193446,ripplelabs.com,1643115,0,245,Ripple
Ripple Massage Beauty and Day Spa,10080423,ripplemassage.com.au,1732798,0,10,Ripple
Deep Ripples,82244,deepripples.com,2772263,0,3,Ripple
Ripple Concerts,219471,rippleconcerts.com,3073348,0,-2,Ripple
Rippleshot,233808,rippleshot.com,3153856,0,91,Ripple
Ripple,233133,ripplechat.io,3283325,0,10,Ripple
Ripple TV,24952,ripple.tv,3719618,0,26,Ripple
RippleWeb,236924,rippleweb.com,4472480,0,-5,Ripple
RippleWave,28358,ripplewave.net,4600494,0,0,Ripple
Ripplex,2769,ripplex.com,8770128,0,37,Ripple
Ripples Business Development,10454643,ripplesbusiness.com,10153791,0,,Ripple
"Bright Ideas in Broad Ripple, Inc.",10130060,bright-ideas.org,11223377,0,-11,Ripple
Broad Ripple Gazette,10441406,broadripplegazette.com,13656383,0,10,Ripple
RipplePoint,10772626,ripplepoint.com,14122067,0,-2,Ripple
The Ripple - The World's Only Detachable Bowl and Plate,259076,thefirstripple.com,16589301,0,11,Ripple
Broad Ripple Party Bus,10145516,broadripplepartybus.com,20051472,0,5,Ripple
The Ripples Group,10219578,ripplesgroup.com,20212551,0,0,Ripple
ripplefire.com,10022178,ripplefire.com,21090813,0,4,Ripple
Ripple News,229357,ripple-news.com,21455857,0,0,Ripple
Ripple Effect Communications,10253429,recommunication.com,21671616,0,0,Ripple
Broad Ripple Village Association,10482402,philthevoid.net,22633074,0,-10,Ripple
Invest Ripple,214904,investripple.com,100000000000000,0,16,Ripple
RippleFunction,46332,ripplefunction.com,100000000000000,0,-7,Ripple
Ripple Brand Collective,248347,ripplebrands.com,100000000000000,0,140,Ripple
Ripple Commerce,162583,ripplecommerce.com,100000000000000,0,0,Ripple
Ripple Music,188720,ripplemusic.com,100000000000000,0,-2,Ripple
Ripple Technologies,21856,rippletech.com,100000000000000,0,0,Ripple
RippleAway,178943,rippleaway.com,100000000000000,0,-4,Ripple
Rippletone,10106480,rippletone.com.au,100000000000000,0,,Ripple
Ripple-it.com,10112520,ripple-it.com,100000000000000,0,,Ripple
ripples at Chowder Bay,10270415,ripplescafe.com.au,100000000000000,0,,Ripple
ripple turkey,162195,rippleturkey.com,100000000000000,0,21,Ripple
Ripple Sports,134080,ripplesports.com,100000000000000,0,24,Ripple
Rippleffekt,129098,rippleffekt.com,100000000000000,0,-4,Ripple
Ripple Platform,98224,rippleplatform.com,100000000000000,0,9,Ripple
Studio Ripple,10159764,studioripple.com.au,100000000000000,0,,Ripple
"Ripple6, Inc.",8291,ripple6.com,100000000000000,0,-26,Ripple
Ripple Effect Program,10188949,rippleeffectprogram.org,100000000000000,0,,Ripple
Rippleshot,10644503, rippleshot.com,100000000000000,0,,Ripple
Ripple Creative Communications,10740657,theripplesite.com,100000000000000,0,,Ripple
Ripple Digital Marketing,10165739,rippledm.com,100000000000000,0,,Ripple
ripple (e-AD Solutions),10164596,rippleindia.com,100000000000000,0,,Ripple
Employee Ripple,277880,employeeripple.com,100000000000000,0,0,Ripple
Ripple,269864,tryripple.com,100000000000000,0,-11,Ripple
Rippleseed,10443904,rippleseed.com,100000000000000,0,0,Ripple
Ripple Effect Consulting,10528656,rippleeffectconsulting.co.za,100000000000000,0,,Ripple
451 Research,189406,451research.com,183371,0,97,451 Research
Billtrust,35709,billtrust.com,49809,0,135,Billtrust
Blockchain,132318,blockchain.info,3145,0,511,Blockchain
Blockchain,10000090,blockchain.com,111351,0,500,Blockchain
Blockchain Partners,20795,blockchain.capital,2010343,0,0,Blockchain
blockchainu.co,10933520,blockchainu.co,2324731,0,68,Blockchain
Blockchain Technology Group,299939,blocktech.com,3145369,0,202,Blockchain
Blockchain Tech,11015132,blockchaintechltd.com,3166888,0,86,Blockchain
Block Chain Technologies,11012507,blockchaintechcorp.com,3194814,0,211,Blockchain
Block Chain Space,11159323,blockchain.space,4106588,0,137,Blockchain
blockchainMe,11082975,blockchainme.com,4735454,0,-44,Blockchain
Blockchain News,11220984,the-blockchain.com,6829199,0,265,Blockchain
Blockchain Factory,10906292,blockchainfactory.com,12577599,0,74,Blockchain
BRODO - Blockchain all the Things,11234189,chrisderose.com,15585135,0,,Blockchain
Blockchain Clearing Corporation,11240503,blockchainclearing.com,19570277,0,,Blockchain
Blockchain Innovation Labs,11242120,thebcilabs.com,21288366,0,,Blockchain
Blockchain Innovation Group,10994555,blockchaininnovationgroup.com,100000000000000,0,9,Blockchain
Blockchain Academy,11102684,block.academy,100000000000000,0,,Blockchain
Cambridge Blockchain,11094040,cambridge-blockchain.com,100000000000000,0,,Blockchain
TS Blockchain Marketing,11221244,tonysakich.com,100000000000000,0,,Blockchain
Blockchain Bio,10927000,btc-b.io,100000000000000,0,1,Blockchain
DigixGlobal,11015675,dgx.io     blockchainsolutions.io,100000000000000,0,,Blockchain
Blockchain Capital,11251497,blockchaincapital.com,100000000000000,0,,Blockchain
Curalate,88204,curalate.com,56204,0,256,Curalate
DeviceFidelity,81366,devicefidelity.com,100000000000000,0,-8,DeviceFidelity
EyeVerify,88946,eyeverify.com,1415296,0,61,EyeVerify
FieldLens,98556,fieldlens.com,593227,0,294,FieldLens
Flip.to,10585162,flip.to,528919,0,4,Flip.to
"Flip 52 - playing cards with ""get to know you"" question",259225,tylershearer.com,100000000000000,0,-1,Flip.to
FreshOffice,11049278,freshoffice.sg,7914367,0,-152,FreshOffice
Arkon Zrt.,11041481,koponyeg.hu,30241,0,-271,Kopo Kopo
Kopo Kopo,118558,kopokopo.com,590511,0,-7,Kopo Kopo
KO Power,11082669,kopower.co.uk,2753638,0,99,Kopo Kopo
Embotelladoras Coca-Cola Polar S.A.,10327208,kopolar.cl,100000000000000,0,,Kopo Kopo
KoPoint,136849,kopoint.com,100000000000000,0,-17,Kopo Kopo
[kopo] tama,10223858,kopotama.com,100000000000000,0,,Kopo Kopo
koposbaker.com,11206671,koposbaker.com,100000000000000,0,,Kopo Kopo
oneida.com,10664330,oneida.com,57559,0,34,oneID
oneidadispatch.com,11197297,oneidadispatch.com,368510,0,-291,oneID
"Oneida Nation Enterprises, LLC.",11034549,turningstone.com,379565,0,-152,oneID
Oneida Financial Corp.,10385989,oneidabank.com,464394,0,-26,oneID
OneID,83354,oneid.com,580846,0,45,oneID
oneidanation.org,11134106,oneidanation.org,1498475,0,0,oneID
Oneida County,10456407,co.oneida.wi.us,2120984,0,,oneID
Thornberry Creek at Oneida,10372882,golfthornberry.com,3395570,0,20,oneID
oneidafinancial.com,292610,oneidafinancial.com,17580645,0,-2,oneID
oneidacommunications.com,11212586,oneidacommunications.com,18050872,0,27,oneID
Oneida Solutions Group,10869345,oneidasolutions.com,20227908,0,-33,oneID
Oneida Indian Nation,10234214,oneida-nation.org,100000000000000,0,,oneID
Law Office of Scott Bielicki,10573129,oneidalaw.com,100000000000000,0,,oneID
Shopline,264083,shoplineapp.com,26582,0,634,Shopline
Evangel,11087918,evangel.shoplineapp.com,26582,0,,Shopline
shopline.hk,11228394,shopline.hk,387806,0,679,Shopline
LINEUP,192966,shoplineup.com,100000000000000,0,19,Shopline
Asset Control,153968,asset-control.com,4534763,0,50,Asset Control
Access Control Group,10344852,assetor.net,100000000000000,0,0,Asset Control
Asset Management Control Research Foundation,10362020,amccentre.nl,100000000000000,0,36,Asset Control
Nest Labs,51236,nest.com,5008,0,856,Nest
NestAway,10927532,nestaway.com,19253,0,1308,Nest
Nestpick,284642,nestpick.com,88239,0,659,Nest
The Echo Nest,1987,the.echonest.com,115721,0,234,Nest
Nestify,246790,nestify.io,188552,0,182,Nest
NEST Fragrances,99064,nestfragrances.com,513758,0,130,Nest
NEST HK,27653,nest.vc,541786,0,0,Nest
NEST Investments,276281,nest.vc,541786,0,169,Nest
Nestio,60848,nestio.com,717001,0,-63,Nest
Innovation Nest,11686,innovationnest.co,785581,0,0,Nest
nestholma.com,10029721,nestholma.com,1041892,0,101,Nest
Nestigator,10968256,nestigator.com,1234664,0,211,Nest
Nest DC,10096448,nest-dc.com,1267942,0,-21,Nest
Nestle Health Science,25284,nestlehealthscience.com,1564056,0,0,Nest
Nest Wealth,10936776,nestwealth.com,1797896,0,165,Nest
My Nest Home,205760,mynesthome.com,1964348,0,-114,Nest
White Nest LLC,10186062,whitenestshop.com,2041577,0,48,Nest
Falcons Nest,263480,falconsnest.in,2581687,0,-5,Nest
Nest Investments,26203,nestco.org,2724882,0,0,Nest
Safe Nest TADC,10126745,safenest.org,2763129,0,24,Nest
NeST Group,35949,nestgroup.net,3922646,0,9,Nest
Nestdrop,285501,nestdrop.com,5068697,0,49,Nest
nest4less,252898,nest4less.com,5380328,0,53,Nest
Nesta Investment Management,27687,nestainvestments.org.uk,5482151,0,0,Nest
nestGSV,96350,nestgsv.com,7849209,0,12,Nest
The Green Nest,206454,thegreennest.in,8211852,0,0,Nest
Robins' Nest Inc.,10160660,robinsnestinc.org,9064985,0,4,Nest
NATIONAL ENGINEERING SERVICES &TRADING CO,10170621,nest.ae,10479900,0,-2,Nest
Vitaflo International Ltd Part of the Nestle Group,10193366,vitaflo.co.uk,10764662,0,-59,Nest
Nest New York,10017647,nestnewyork.com,17616552,0,-10,Nest
"Nest Environments, Inc.",10107497,nestenvironments.com,18979897,0,-52,Nest
NEST CGF,10194236,nest.com.co,100000000000000,0,,Nest
SW Sports Nest,10182932,swsportsnest.com,100000000000000,0,-2,Nest
Airplant Nest,254965,opusgarten.com,100000000000000,0,-18,Nest
Nestible,269488,nestible.com,100000000000000,0,9,Nest
N.E.S.T. Solutions,10204181,nest-solutions.com,100000000000000,0,-11,Nest
Nestus,294094,nestus.com,100000000000000,0,37,Nest
Cuckoo Nest Films LLC,10193787,pondfilms.com,100000000000000,0,,Nest
NESTech,10040150,nestech.co.il,100000000000000,0,-11,Nest
Nest Labs Ltd,269377,thenest.io,100000000000000,0,-9,Nest
nesteggbio.com,10149410,nesteggbio.com,100000000000000,0,-8,Nest
"Marianne Nestor Consulting, Inc",10064491,mariannenestorconsulting.com,100000000000000,0,,Nest
Nest Dynamiques SL,10083641,nextdynamiques.net,100000000000000,0,,Nest
Nestadio Capital,9162,nestadio-capital.com,100000000000000,0,0,Nest
Nestful,271217,nestful.com,100000000000000,0,-7,Nest
Nestwell Technologies,10088020,nestwelltech.com,100000000000000,0,,Nest
IT Nestori,10141923,nestori.fi,100000000000000,0,,Nest
Ballooning Nest Eggs,82443,ballooningnesteggs.com,100000000000000,0,4,Nest
NestingBits Technologies,205790,nestingbits.com,100000000000000,0,-1,Nest
DLA Piper NEST,269414,dlapipernest.com,100000000000000,0,2,Nest
secure-booker.com,11202350,secure-booker.com,16002,0,601,Booker
PT Booker Tate Indonesia,10988955,cbn.net.id,34633,0,279,Booker
Booker,59652,booker.com,117182,0,245,Booker
Flex Booker,242818,flexbooker.com,810588,0,112,Booker
Bookerville,193836,bookerville.com,849779,0,89,Booker
SpaBooker,14854,spa-booker.com,1602179,0,-45,Booker
Hall Bookers UK,10921687,hallbookers.co.uk,2869525,0,68,Booker
BookerLooker,146903,bookerlooker.com,3420532,0,35,Booker
Booker Promotions,10718382,bookerpromo.com,4896037,0,39,Booker
Site of Booker Guide,210107,guidebooker.com,6231816,0,29,Booker
Activity Bookers,17313,activitybookers.com,8083841,0,3,Booker
Kennel Booker,11084660,kennelbooker.com,10165890,0,24,Booker
Bookerator,11077715,bookerator.com,17981127,0,-49,Booker
Booker Fleet Group,10584745,bookerfleet.com,100000000000000,0,,Booker
Bookerz Media Network,157713,bookerzmedia.com,100000000000000,0,-119,Booker
"Bookert, White & Associates",10766878,bwassoc.com,100000000000000,0,,Booker
Paul Booker,10397505,paulbooker.info,100000000000000,0,,Booker
De Booker Agency,10160155,debooker.nl,100000000000000,0,,Booker
"Music Copyist, Music Librarian for Booker White at Walt Disney Studios",10633483,davewellsmusic.com,100000000000000,0,0,Booker
Bookera,124248,bookera.com,100000000000000,0,-2,Booker
Ground Booker,10606984,groundbooker.com,100000000000000,0,29,Booker
Bookeriet I/S,10875457,bookeriet.dk,100000000000000,0,,Booker
Booker T Brown Photography,10158268,bookertbrown.com,100000000000000,0,12,Booker
The Event Bookers Limited,10056187,bookerevents.co.uk,100000000000000,0,,Booker
BookerMate,155429,bookermate.com,100000000000000,0,0,Booker
Bookerie,134982,bookerie.com,100000000000000,0,0,Booker
Laura Booker,10058719,laurabooker.ca,100000000000000,0,,Booker
bookersoftware.com,11249285,bookersoftware.com,100000000000000,0,,Booker
Bombfell,88487,bombfell.com,83563,0,457,Bombfell
Signpost,28806,signpost.com,139263,0,185,Signpost
Signpost België BVBA,10816799,signpost.be,7727639,0,-33,Signpost
"Sign Postman, LLC",10479298,signpostman.com,100000000000000,0,4,Signpost
SIGNPOST STOCKPORT FOR CARERS,10451012,signpostforcarers.org.uk,100000000000000,0,,Signpost
Signpost Consulting,10159571,signpostconsulting.biz,100000000000000,0,-1,Signpost
SignPost Regulatory Ltd,10379954,sp-regs.co.uk,100000000000000,0,,Signpost
Signpost Digital,10863778,signpostdigital.com,100000000000000,0,9,Signpost
Signpost Sound,10360107,signpostsound.co.za,100000000000000,0,1,Signpost
ziggeo.com,10933656,ziggeo.com,703923,0,267,Ziggeo
OnDeck,70232,ondeck.com,99959,0,469,OnDeck
On Deck Sports,10572618,ondecksports.com,436613,0,83,OnDeck
ondeckcapital.com,10386656,ondeckcapital.com,6927129,0,-92,OnDeck
On Deck Mediation,10439501,ondeckmediation.com,19099462,0,2,OnDeck
"On Deck NY, LLC",10697883,ondeckny.com,100000000000000,0,6,OnDeck
On Deck Productions,10441825,ondeckproductions.com,100000000000000,0,,OnDeck
On Deck Cruises and Tours,10301750,ondeckcruises.com,100000000000000,0,5,OnDeck
"On Deck, Inc.",10754154,ondeckinc.us,100000000000000,0,,OnDeck
Moat,61444,moat.com,33987,0,245,Moat
Moates Auto Xchange,10324570,autoxchange.biz,10058638,0,7,Moat
Bug Moat Corporation,10655145,bug-moat.com,100000000000000,0,,Moat
A.C. Moate Industries,10761995,acmoate.com,100000000000000,0,-1,Moat
Metcalf Moat IFA Limited,10752811,metcalfmoat.co.uk,100000000000000,0,5,Moat
Get Moativated,10604187,moativated.net,100000000000000,0,,Moat
The Law Office of Dora D. Moats,10974678,moatslawfirm.com,100000000000000,0,,Moat
CommonBond,105010,commonbond.co,203252,0,218,Commonbond
commonbond.org,11109573,commonbond.org,1319170,0,-336,Commonbond
commonbond.com,10916575,commonbond.com,5798164,0,-11,Commonbond
Care.com,118314,care.com,4915,0,399,Care.com
Advocate Health Care,194235,advocatehealth.com,62720,0,273,Care.com
Careem,186315,careem.com,94825,0,616,Care.com
Brazen Careerist,18308,brazen.com,128713,0,80,Care.com
careland.com.cn,307757,careland.com.cn,166829,0,-34,Care.com
Carezone.com,81726,carezone.com,169755,0,263,Care.com
CareCloud,126447,carecloud.com,187781,0,136,Care.com
Tandem Diabetes Care,31328,tandemdiabetes.com,363691,0,159,Care.com
Carestream Health,53790,carestream.com,418122,0,48,Care.com
CareLinx,131553,carelinx.com,511880,0,69,Care.com
carepayment.com,309421,carepayment.com,560086,0,134,Care.com
Caremerge,96903,caremerge.com,737617,0,112,Care.com
CareLuLu,180315,carelulu.com,900949,0,165,Care.com
CareSync,148115,caresync.com,975158,0,113,Care.com
CareGuide,128949,careguide.com,979547,0,164,Care.com
B2X Care Solutions,216920,b2x.com,1054249,0,194,Care.com
Senior Care Centers,185221,seniorcarecentersltc.com,1110421,0,132,Care.com
CareDox,64350,caredox.com,1724494,0,51,Care.com
care-one.com,10018169,care-one.com,1766863,0,35,Care.com
Surgical Care Affiliates,190672,scasurgery.com,2045024,0,71,Care.com
Carena,91744,carenamd.com,2100254,0,42,Care.com
CareFamily,185888,carefamily.com,2528377,0,-13,Care.com
Careerminds Group,46265,careerminds.com,2651846,0,53,Care.com
Advanced ICU Care,30602,icumedicine.com,3162416,0,37,Care.com
"CareDx, Inc",303266,caredxinc.com,3704993,0,58,Care.com
Aged Care Reviews (ACR),10949404,agedcarereviews.com.au,4120560,0,19,Care.com
CareKinesis,48461,carekinesis.com,4833908,0,35,Care.com
CareinSync,89863,careinsync.com,5020765,0,35,Care.com
Onsite Care,154194,onsitecareclinics.com,5106910,0,9,Care.com
Careport,118278,careporthealth.com,6147467,0,15,Care.com
anci-care.com,282495,anci-care.com,6161872,0,23,Care.com
CareView Communications,62720,care-view.com,7638605,0,20,Care.com
CareCam Health Systems,195173,carecamhealthsystems.com,8003697,0,28,Care.com
ESCO Technologies,227681,careconnectbyesco.com,8674622,0,22,Care.com
CellCeuticals Skin Care,216929,cellceuticalskincare.com,12084521,0,0,Care.com
Comprehensive Care,192421,compcare.com,12980319,0,-21,Care.com
"Care Labs, Inc.",10461190,carelabs.com,13129310,0,-17,Care.com
Wound Care Technologies,153789,dermaclose.com,17777259,0,13,Care.com
CarePoint Partners,55885,carepointpartners.com,17993153,0,-1,Care.com
Innovative Trauma Care,105923,innovativetraumacare.com,18597320,0,25,Care.com
Care Team Connect,145732,careteamconnect.com,19123627,0,-11,Care.com
HEALTH CARE DATAWORKS,151534,hcdataworks.com,21376850,0,1,Care.com
WellNow Urgent Care,81741,wellnowuc.com,100000000000000,0,-16,Care.com
Diabetes Care Group,172698,diabetescaregrp.com,100000000000000,0,10,Care.com
Global Care Quest,37149,globalcarequest.com,100000000000000,0,-6,Care.com
Heartland Dental Care,174663,heartlanddentalcare.com,100000000000000,0,-18,Care.com
Fidelity Care Home Health,10210860,fidelitycarehh.com,100000000000000,0,,Care.com
Q Care International,186091,qcareintl.com,100000000000000,0,0,Care.com
CareCam Innovations,87659,carecaminnovations.com,100000000000000,0,-4,Care.com
Novia CareClinics,175567,noviacareclinics.com,100000000000000,0,8,Care.com
Facebook,163595,facebook.com,2,0,1258,Facebook
Facebook,13745,facebook.com,2,0,0,Facebook
facebookgroups.com,10886897,facebookgroups.com,121442,0,126,Facebook
Exodus3000 Renovation and Facebook conversion,262578,totalbeverage.net,1436378,0,118,Facebook
FB Limiter,61968,facebooklimiter.com,1487351,0,-22,Facebook
Facebook Cleanser,10035136,likecleanse.com,1849786,0,-61,Facebook
The Site Canvas,119957,facebook.thesitecanvas.com,2528796,0,-129,Facebook
FaceBooking.org,10894213,facebooking.org,2711175,0,67,Facebook
Facebook Mood Manipulator,314506,lauren-mccarthy.com,3404888,0,-6,Facebook
Trustship and Facebook Templates,41976,facebook-templates.net,3694879,0,-4,Facebook
"The Facebook Era: Tapping Online Social Networks to Build Better Products, Reach New Audiences, and",10708401,thefacebookera.com,7225784,0,-27,Facebook
FaceBook Guide,10723202,facebookguide.net,9301499,0,12,Facebook
facebookcoverpic.com,306282,facebookcoverpic.com,14405889,0,16,Facebook
Facebook Search,51075,fbsearch.us,16621142,0,-29,Facebook
VendorShop,61401,facebookvendor.com,21940278,0,26,Facebook
album for facebook.,231777,i-c-soft.com,22535230,0,-8,Facebook
FacebookLicious!,19919,facebooklicious.com,100000000000000,0,8,Facebook
do it right team excavation,244968,facebook. com,100000000000000,0,,Facebook
Aplikacja Konkursowa Na Facebooka,199779,aplikacja-konkursowa.pl,100000000000000,0,-19,Facebook
FaceBook Shout!,141527,facebookshout.com,100000000000000,0,0,Facebook
Facebook Actors,138328,facebookactors.com,100000000000000,0,0,Facebook
Facebook Marketing At Its Best,76200,fbmarketingtoday.com,100000000000000,0,-18,Facebook
Facebook Templates,77372,fanpagetemplates.org,100000000000000,0,5,Facebook
FBMMO,10127327,facebookmmo.com,100000000000000,0,,Facebook
Guild Masters - A true Social RPG game on Facebook,258796,otherwind.com,100000000000000,0,-1,Facebook
Chris Kelly (Former Facebook CPO),24735,"",100000000000000,0,0,Facebook
Shobii Smart Frame: Private photo network + Facebook/Fl,261659,fusion-room.com,100000000000000,0,-10,Facebook
Syndicate Conflict by Chimera :: Facebook / Social Game,261491,chimeracompany.com,100000000000000,0,0,Facebook
Facebook Genie,21208,facebookgenie.com,100000000000000,0,0,Facebook
picture and flavor,10135625,pictureandflavou.facebook,100000000000000,0,,Facebook
FacebookMarketing.de,23120,facebookmarketing.de,100000000000000,0,-4,Facebook
Facebook Social Chatroulette,38024,fbchatroulette.net,100000000000000,0,0,Facebook
TOP FACEBOOK GIRLS,53721,top-facebook-girls.com,100000000000000,0,0,Facebook
Facebookster,7729,facebookster.com,100000000000000,0,5,Facebook
SuzyShuzenStarz,10640951,suzyshuze.com www.facebook.com,100000000000000,0,,Facebook
FanchersStreetEdge,10641080,thestreetedge.com www.facebook.com,100000000000000,0,,Facebook
Facebook Marketing Gold,10763007,fbmarketinggold.com,100000000000000,0,,Facebook
Apartments on Facebook,10790741,apartmentsonfacebook.com,100000000000000,0,,Facebook
FAH: Your Social Media Partner,10446069,facebookadhelp.com,100000000000000,0,,Facebook
Rocon Communications page on Facebook,10716834,rocon.ca,100000000000000,0,,Facebook
facebookfancy,10700604,facebookfancy.com,100000000000000,0,,Facebook
Wild Frontiers is a Facebook connected and mobile game,261221,brrappgames.com,100000000000000,0,2,Facebook
Solemn Prophecy on Facebook,261037,fullofwingames.com,100000000000000,0,0,Facebook
Facebookshelf,10628665,facebookshelf.com,100000000000000,0,,Facebook
FieldsOfAmber.Org (on Facebook),10849122,barbarabenedict.com,100000000000000,0,,Facebook
FacebookPro,10865832,facebookpro.nl,100000000000000,0,,Facebook
new Facebook management company,10834264,thesocialengagement.com,100000000000000,0,,Facebook
Be facebook King,10851862,befacebookking.com,100000000000000,0,,Facebook
Tweet Blender for Facebook,260559,kirill-novitchenko.com,100000000000000,0,-10,Facebook
fforward.co - Facebook Analysis,113808,fforward.co,100000000000000,0,1,Facebook
mastercard.com.au,11193422,mastercard.com.au,4335,0,-300,MasterCard
Mastercard,12676,mastercard.com,10105,0,367,MasterCard
MasterCard,20615,newsroom.mastercard.com,10105,0,0,MasterCard
mastercard.us,10648660,mastercard.us,42732,0,136,MasterCard
MasterCard - United Kingdom,10951557,mastercard.co.uk,317217,0,-35,MasterCard
The MasterCard Foundation,201098,mastercardfdn.org,716313,0,192,MasterCard
MasterCard Start Path,274954,startpath.com,856283,0,163,MasterCard
mastercardadvisors.com,10648661,mastercardadvisors.com,868237,0,23,MasterCard
Wincor Nixdorf s.r.o.,11098474,mastercardmobile.cz,2070165,0,-143,MasterCard
DB Prepaid MasterCard,10587409,dbcardservice.com,11650741,0,-104,MasterCard
Chapulin™ Prepaid MasterCard®,223613,michapulin.com,12704185,0,-17,MasterCard
Free Shipping by Mastercard,269890,freeshippingbymastercard.com,100000000000000,0,-22,MasterCard
Mastercard 24/7 - Geschäftsleitung,10113878,oim-service.de,100000000000000,0,,MasterCard
Mastercard Türkiye,11063281,mastercard.com.tr,100000000000000,0,,MasterCard
MasterCard Start Path Accelerator,22856,"",100000000000000,0,0,MasterCard
MasterCard Center,10735820,wukesongarena.com,100000000000000,0,,MasterCard
Anytime Fitness Toa Payoh,11043569,anytimefitness.sg,830089,0,148,Fit Pay
fit-pay.com,10648596,fit-pay.com,2773922,0,93,Fit Pay
GoodLabs,178416,goodlabs.io,4341075,0,21,GoodLabs
PayPal,124397,paypal.com,38,0,777,PayPal
blueprint.paypal.com,10693693,blueprint.paypal.com,38,0,-886,PayPal
advertising.paypal.com,10802724,advertising.paypal.com,38,0,-1036,PayPal
paypal-community.com,11198141,paypal-community.com,9451,0,263,PayPal
paypal-gifts.com,11198143,paypal-gifts.com,22135,0,-363,PayPal
paypalobjects.com,11198149,paypalobjects.com,29489,0,517,PayPal
paypal-prepaid.com,11198145,paypal-prepaid.com,35825,0,265,PayPal
paypal-customerfeedback.com,11198142,paypal-customerfeedback.com,40608,0,-489,PayPal
PayPal Invoicing,11063537,paypal-corp.com,63785,0,225,PayPal
PayPal - Russia,11064000,paypal.ru,63859,0,-126,PayPal
paypal-marketing.com,11198144,paypal-marketing.com,85657,0,251,PayPal
paypalcredit.com,11198148,paypalcredit.com,102285,0,168,PayPal
paypal-cash.com,11198140,paypal-cash.com,102556,0,24,PayPal
paypal-activate.com,11198139,paypal-activate.com,158205,0,396,PayPal
paypal-survey.com,11198147,paypal-survey.com,167183,0,384,PayPal
PayPal,13786,paypalsucks.com,259532,0,0,PayPal
paypal-media.com,10940550,paypal-media.com,287953,0,-427,PayPal
paypal-promo.com,11198146,paypal-promo.com,584638,0,622,PayPal
PayPal Start Tank,181032,starttank.com,649332,0,140,PayPal
paypalvcc,253945,paypalvcc.com,1586405,0,-10,PayPal
paypal.ca,253946,paypal.ca,3123438,0,-167,PayPal
Beasts & Blades - an epic 3D Turn based RPG.(Paypal Ena,260785,seattletek.com,100000000000000,0,2,PayPal
Pay Palace Inc (Payroll and Tax Service),10140610,paypalaceinc.com,100000000000000,0,,PayPal
Paypal tech support number,11252007,paypalcustomersupportnumber.com,100000000000000,0,,PayPal
Metropolitan Development and Housing Agency,10571058,nashville-mdha.org,2733699,0,27,METRO AG
Metro Title Agency of Arizona,10151620,metrotitleaz.com,10589077,0,7,METRO AG
Metro Group (AG),10554754,metro-mga.de,14798283,0,-1,METRO AG
Metro Interactive Agency,10490812,metrointeractiveagency.com,100000000000000,0,-15,METRO AG
Metropolitan -Creative Agency-,10758706,metropolitan-agency.com,100000000000000,0,,METRO AG
Metronome Agency,10213947,gandc.com.au,100000000000000,0,,METRO AG
"Metropolitan Protective Agency, LLC",10487196,metropatrol911.org,100000000000000,0,,METRO AG
AGP Metro Polska,10236443,agpmetro.com,100000000000000,0,,METRO AG
Empresa Pública Metropolitana de Agua Potable y Saneamiento de Quito,10119599,emaapq.gov.ec,100000000000000,0,,METRO AG
Metro - Montagens Industriais e Agrícolas,10819954,metroedra.com.br,100000000000000,0,,METRO AG
"Metro Allied Insurance Agency Texas, LLC",11064058,metroallied.net,100000000000000,0,,METRO AG
Time Inc.,234115,time.com,477,0,512,Time Inc.
Time Inc.,28326,timeinc.com,28472,0,0,Time Inc.
"Realty Times, Inc",10237609,realtytimes.com,69799,0,-60,Time Inc.
"Real Time Automation, Inc",10370837,rtaautomation.com,757965,0,75,Time Inc.
odyssey time inc,10783644,seikocan.com,937917,0,23,Time Inc.
"Party Time, Inc.",206913,partytimebr.com,1416504,0,44,Time Inc.
Hockey Time Productions INC.,10642339,itshockeytime.com,1812041,0,50,Time Inc.
Innovative Time Solutions Inc.,273798,calemazoo.com,4549853,0,58,Time Inc.
Bible Study Time Inc.,10165036,timeforhope.com,6550733,0,40,Time Inc.
TimePlace Inc.,277928,timeplace.com,6919629,0,55,Time Inc.
"Leisure Time Unlimited, Inc.",10225501,leisuretimeunlimited.com,7516841,0,32,Time Inc.
"Time Dollar Youth Court, Inc.",10205663,tdyc.org,9197253,0,21,Time Inc.
Digital Time Capture Inc.,52440,digitaltimecapture.com,10090493,0,21,Time Inc.
"Nozzl Real-Time Technologies, Inc.",10499352,nozzl.com,12171890,0,1,Time Inc.
"Precise Time & Frequency, Inc.",10256556,ptfinc.com,12279098,0,-55,Time Inc.
"Storyboard Media, Inc. dba Waterfront Times",10400428,waterfronttimes.com,12846255,0,13,Time Inc.
"ADR Times, Inc.",10428124,adrtimes.com,13417934,0,-31,Time Inc.
Just In Time Staffing Inc.,10762271,jitstaffinginc.com,16690424,0,29,Time Inc.
Time Management Inc.,10519332,venturegps.com,21044153,0,-22,Time Inc.
"Shared Time Human Resources Management, Inc  (STHRM, Inc.)",10427492,sthrm.com,21911025,0,1,Time Inc.
Pool Time Inc.,10734794,pooltimeusa.com,100000000000000,0,-3,Time Inc.
"On Time Electric, Inc.",10241428,ontimeelectric.net,100000000000000,0,,Time Inc.
"Timebuyer, Inc",10263325,timebuyer.com,100000000000000,0,-1,Time Inc.
"Nap Time Startups, Inc.",214280,naptimestartups.com,100000000000000,0,-19,Time Inc.
TimePeace Inc.,10109684,timepeace.ca,100000000000000,0,,Time Inc.
Run Time Inc,10219849,runtime-na.com,100000000000000,0,,Time Inc.
"Modern Times Investment Integral, S.L",10793029,incominggroup.com,100000000000000,0,,Time Inc.
"Real-Time Diagnostics, Inc.",10797179,realtimeinr.com,100000000000000,0,,Time Inc.
"Charts In Time, Inc.",10800769,chartsintime.com,100000000000000,0,-30,Time Inc.
"Good Times-Game Show Source, Inc.",10798398,gtgss.com,100000000000000,0,,Time Inc.
Timebomb Trading Inc,10755170,timebomb.bc.ca,100000000000000,0,,Time Inc.
"Write The First Time, Inc.",10761913,writethefirsttime.com,100000000000000,0,-7,Time Inc.
Tic-n-Time Inc,10191930,ticntime.com,100000000000000,0,-2,Time Inc.
"Little Wonders...a time to inspire, inc.",10403376,littlewonders.ca,100000000000000,0,,Time Inc.
"The Second Time Arounders Marching Band, Inc.",10408436,secondtimearounders.org,100000000000000,0,-3,Time Inc.
Timelines Industries Inc,10455493,time-lines.com,100000000000000,0,,Time Inc.
Timeline Interactive Inc.,10149992,timelineinteractive.com,100000000000000,0,7,Time Inc.
"Happy Times For Kids, Inc.",10415474,happytimesforkids.com,100000000000000,0,19,Time Inc.
Jump Time Inc,10445456,jump-time.com,100000000000000,0,,Time Inc.
Synapse Group Inc. a Time Inc. Company,10166807,synapsemail.com,100000000000000,0,,Time Inc.
Timewise Event Management Inc.,10428718,timewiseevents.com,100000000000000,0,0,Time Inc.
TimePlace Inc.,276229,timeplace.com (in development),100000000000000,0,,Time Inc.
Vita Com Inc.,10422991,time4more.com,100000000000000,0,,Time Inc.
"Time Capsule, Inc",10409647,tcapsule.com,100000000000000,0,2,Time Inc.
Timely Essentials Global INC,10530374,timelyessentials.com,100000000000000,0,,Time Inc.
"Shining Example, Inc.",10526219,time2shine.org,100000000000000,0,,Time Inc.
Global Time Creation inc.,10057238,globaltimecreation.com,100000000000000,0,0,Time Inc.
Timestwo Inc.,10564748,dogoodtimestwo.com,100000000000000,0,,Time Inc.
"2 Places At 1 Time, Inc",10063212,2places.com,100000000000000,0,-10,Time Inc.
Timely Contact Inc.,10554757,blazingsurvey.com,100000000000000,0,,Time Inc.
Insight Venture Partners,57,insightpartners.com,167503,0,0,Insight Venture Partners
Advance Vixeid Partners (AVP),27899,avpgrowth.com,10049214,0,0,Advance Vixeid Partners
Wellsbi,11076003,wellsbi.com,22152595,0,7,Wellsbi
Stripe,59884,stripe.com,3970,0,819,Stripe
stripes.com,10886432,stripes.com,31383,0,1,Stripe
Stripes Group,333,stripesgroup.com,468613,0,0,Stripe
Stripe by N,10333295,stripebyn.com,827861,0,274,Stripe
Striped,10921429,stripers247.com,1211564,0,-88,Stripe
Silver Stripe Software,136135,tourmyapp.com,1593517,0,44,Stripe
Stripes Clothing,272975,stripesclothing.com,3063958,0,45,Stripe
stripe4.co,317309,stripe4.co,3714342,0,118,Stripe
Pay Pad for Stripe,134480,pay-pad.com,4238743,0,23,Stripe
United Stripes,10256039,unitedstripes.nl,4740430,0,-52,Stripe
Fiks:Reflective Rim Stripes for Bicycles,258764,ridewithfiks.com,5529315,0,0,Stripe
Maple Stars and Stripes,10870394,maplestarsandstripes.com,6722509,0,4,Stripe
Classic Stripes Limited,10221988,astarc.com,7621042,0,13,Stripe
Stripes39,219674,stripes39.com,7770718,0,-2,Stripe
stripedshirt,265060,stripedshirt.com,8243079,0,-7,Stripe
Stars & Stripes Kids Activity Center,10845069,starsandstripeskids.com,8805199,0,14,Stripe
Broad Stripe,21956,broadstripebutchers.co.uk,10238475,0,-20,Stripe
Wild Stripes® Base Layers,10781791,wildandstriped.com,11879384,0,15,Stripe
Stripes 'n' Buttons,10686018,stripes-buttons.com,13913423,0,4,Stripe
Stripe Media,10759650,stripemedia.co.uk,14419255,0,-26,Stripe
Stars and Stripes Marketing LLC,10176615,starsandstripesmkt.com,18391338,0,-32,Stripe
D-Day Stars and Stripes Newspaper,10770840,nltm.us,22368524,0,0,Stripe
Dots & Stripes Design,10645315,dotsandstripesdesign.com,100000000000000,0,,Stripe
Stripe-A-Zone,155720,stripe-a-zone.com,100000000000000,0,-1,Stripe
SCS Worldwide,10214364,stripecourierservices.co.uk,100000000000000,0,,Stripe
Thirteen Stripes Web Enterprise LLC,138005,13swe.com,100000000000000,0,-7,Stripe
I-CUBE WEST AFRICA. A MEMBER OF STRIDES AND STRIPES GROUP,10074693,stridesandstripes.com,100000000000000,0,,Stripe
Stripe Tech Custom & Performance,10740599,stripetech.com,100000000000000,0,5,Stripe
Stars N Stripes Taxi & Limo Inc,10138669,starsnstripestaxi.com,100000000000000,0,,Stripe
Stripe Entertainment Group,10796684,stripeentertainmentgroup.com,100000000000000,0,,Stripe
Striped urchin,10109180,urchin.com.ua,100000000000000,0,,Stripe
Blue Stripe PR,10422679,bluestripepr.com,100000000000000,0,,Stripe
Motion Stripes,10569360,motion-stripes.pt,100000000000000,0,,Stripe
All About Seniors,10520480,stripedrock.org,100000000000000,0,,Stripe
Classic Stripes Private Limited,10489795,classicstripes.com,100000000000000,0,23,Stripe
Striped Aardvark,10147309,stripedaardvark.com,100000000000000,0,,Stripe
Striped Shirt Media,10731376,stripedshirtmedia.com,100000000000000,0,9,Stripe
Red Stripe Photography,10196000,redstripephotography.co.uk,100000000000000,0,,Stripe
Wild Stripes Foundation,10305003,wildstripes.org,100000000000000,0,,Stripe
Chip-n-Stripe Project,10623487,chip-n-stripe.com,100000000000000,0,19,Stripe
87 Stripes,10200454,87stripes.com,100000000000000,0,0,Stripe
Stripes Solicitors,10873322,stripes.eu,100000000000000,0,,Stripe
Stripe OLT Consulting Ltd,10186109,stripeconsulting.com,100000000000000,0,-14,Stripe
Stars & Stripes & Spokes™,10871394,stars-stripes-spokes.com,100000000000000,0,,Stripe
The Light Stripe,275144,thelightstripe.com,100000000000000,0,0,Stripe
"Right Stripe Media,LLC",10855840,theangelmovie.com,100000000000000,0,0,Stripe
Pink Stripe Group,10964848,pinkstripe.ro,100000000000000,0,,Stripe
Stripes AV Limited,10957205,stripesav.com,100000000000000,0,,Stripe
Striped Sail,189305,stripedsail.com,100000000000000,0,-7,Stripe
Solar Stripes Inc.,10905023,solarstripes.com,100000000000000,0,,Stripe
nytm.org,244112,nytm.org,141657,0,-43,NYTM
nytm.com,10880768,nytm.com,18189290,0,0,NYTM
NY Travel & Marketing Consultancy,10211076,nytmco.com,100000000000000,0,4,NYTM
SmartSign.com,10048005,myparkingsign.com,332666,0,101,SmartSign
SmartSign,82738,smartsign.com,406323,0,65,SmartSign
smartsignout.com,257777,smartsignout.com,4539378,0,23,SmartSign
SmartSignin,101676,smartsignin.com,22016101,0,-42,SmartSign
Smart Signs Solutions,10074691,smartsigns.nl,100000000000000,0,0,SmartSign
SmartSignal,42871,smartsignal.com,100000000000000,0,7,SmartSign
Smart Signs and Graphics,11069483,smartsignsandgraphics.co.uk,100000000000000,0,1,SmartSign
Shapeways,5669,shapeways.com,12647,0,575,Shapeways
Samsung Electronics Austria,11041842,samsung.at,651706,0,-125,Samsung Electronics
Samsung Electronics America,10523810,samsungamerica.com,3703521,0,-39,Samsung Electronics
Pond5,6612,pond5.com,10538,0,298,Pond5
General Assembly,61738,generalassemb.ly,13281,0,563,General Assembly
Virginia General Assembly,11240027,virginiageneralassembly.gov,568717,0,,General Assembly
INFLATABLE GENERAL ASSEMBLY,259829,123occupy.com,100000000000000,0,9,General Assembly
"General Assembly, Inc.",10398437,gen-assembly.com,100000000000000,0,-29,General Assembly
ADP,5382,adp.com,795,0,512,ADP
AdPushup,10469291,adpushup.com,17905,0,309,ADP
ADPLUS IND,95246,adplus.co.id,67838,0,111,ADP
AdPay,37322,adpay.com,77743,0,-64,ADP
Adperium,24056,adperium.com,90521,0,81,ADP
adperio.com,308587,adperio.com,95091,0,134,ADP
Adprime Media,93455,adprimemedia.com,166447,0,157,ADP
Adphorus,225495,adphorus.com,167081,0,243,ADP
AdPlugg,217833,adplugg.com,202512,0,385,ADP
ADP Advanced MD,196694,advancedmd.com,223523,0,189,ADP
ad pepper media,43457,adpepper.com,304420,0,-69,ADP
ADPS - Automated Dynamic Pricing System,158972,adps.nl,703958,0,113,ADP
Adproval,138455,adproval.com,842782,0,111,ADP
Ad Pages DIRECT,10114842,adpages.com,868333,0,45,ADP
Asian Disaster Preparedness Center (ADPC),10056069,adpc.net,1207895,0,-219,ADP
adp Gauselmann,166806,gauselmann.com,1247994,0,11,ADP
Adpersia,237252,adpersia.com,1401834,0,-42,ADP
AdProfit,134468,adprofit.se,2146552,0,47,ADP
AdPerk,55872,adperk.com,3939543,0,-141,ADP
Dealer Services,269520,adpdsi.com,4569958,0,-58,ADP
Adpressive,98425,adpressive.com,4673535,0,-74,ADP
A.D. Pharmaceuticals,201572,adpharmaceuticals.net,6155284,0,0,ADP
AdProof,136850,adproof.com,7094107,0,-11,ADP
AdPalz,134130,adpalz.com,9987451,0,6,ADP
AdPro Change Systems Inc.,10066759,adpro.ca,11312299,0,-11,ADP
Adpoints,189581,adpoints.com,15995845,0,-21,ADP
Adpark,214186,adpark.ie,18604295,0,12,ADP
A&D Property Services Inc.,10240077,adpropertyservices.com,19135939,0,-17,ADP
ADP Media Group,10154086,adpmediagroup.com,19932972,0,-2,ADP
AdPharma Inc.,10123334,ad-pharma.com,20139522,0,2,ADP
AdPlann,191125,adplann.com,100000000000000,0,17,ADP
adprox,178650,adprox.com,100000000000000,0,1,ADP
A.D. Productions,10267927,adpfilm.com,100000000000000,0,0,ADP
Australian Direct Property Investments Association,10238679,adpia.com.au,100000000000000,0,16,ADP
"ADPi, Corp",187316,adpi.biz,100000000000000,0,22,ADP
adpop.us,243533,adpop.us,100000000000000,0,0,ADP
AdPort™ Publishing,10087889,adportpublishing.com,100000000000000,0,,ADP
Ad Prophecy,132685,adprophecy.com,100000000000000,0,0,ADP
ADPS Ltd,10083611,adpsltd.com,100000000000000,0,37,ADP
Adventure Playground,105611,adplay.net.au,100000000000000,0,0,ADP
Patients Canada,10111530,adppa.org,100000000000000,0,31,ADP
ADP-Vaillant,10189225,adp-vaillant.fr,100000000000000,0,-1,ADP
Adphos UK Ltd,10198157,adphos.co.uk,100000000000000,0,,ADP
AdPlacers,70490,adplacers.com,100000000000000,0,7,ADP
AdPortal,42614,adportal.net,100000000000000,0,0,ADP
Advanced Digital Platform Technologies,10176293,adp-technologies.com,100000000000000,0,-28,ADP
ADPPOC,10041285,irshad.com,100000000000000,0,0,ADP
"ADPREVEN, S.L.",10058245,adpreven.com,100000000000000,0,,ADP
Adaptive Digital Power,227748,adp-ic.com,100000000000000,0,0,ADP
AdPassage,8481,adpassage.com,100000000000000,0,0,ADP
Explore Schools Inc.,10903401,explorenetwork.org,3149958,0,52,Explore Schools
Bloomberg,5260,bloomberg.com,317,0,591,Bloomberg
BloombergView,282791,bloombergview.com,8896,0,176,Bloomberg
Bloomberg Law,11046696,bloomberglaw.com,140598,0,880,Bloomberg
bloomberginstitute.com,11176660,bloomberginstitute.com,184417,0,-243,Bloomberg
Bloomberg Media,11068273,bloombergmedia.com,333797,0,-55,Bloomberg
bloomberg.org,11108423,bloomberg.org,522932,0,203,Bloomberg
Bloomberg Reserve,314488,bloombergbriefs.com,618346,0,-69,Bloomberg
bloomberglp.com,10880902,bloomberglp.com,2713070,0,95,Bloomberg
Bloomberg Sports,11061511,bloombergsports.com,2854870,0,-10,Bloomberg
Bloomberg Beta,12361,bloombergbeta.com,3354287,0,0,Bloomberg
bloombergbusinessweekdesign.com,11176659,bloombergbusinessweekdesign.com,14104395,0,70,Bloomberg
Bloomberg Real Estate Services,10410392,bloombergrealestateservices.com,100000000000000,0,,Bloomberg
bloombergmarkets.com,11002075,bloombergmarkets.com,100000000000000,0,,Bloomberg
Bloomberg Philanthropies,10475769,bloombergfoundation.org,100000000000000,0,,Bloomberg
Bloomberg BusinessWeek Events,10700570,bwevents.com,100000000000000,0,,Bloomberg
"Bloomberg, Fair Haven Inc., ABC, NBC, WPIX, MLB, Gospel Music Channel, BET, MTV, iStreamPlanet",10623696,fairhavenpictures.com,100000000000000,0,,Bloomberg
UnitedHealth Group,221240,unitedhealthgroup.com,27169,0,-4,UnitedHealth Group
Golden Foundation Group,10564537,unitedhealthawareness.org,100000000000000,0,,UnitedHealth Group
Cross Commerce Media,54911,collectivei.com,1925644,0,22,Cross Commerce Media
Faire Collection,10658018,theandeancollection.com,100000000000000,0,,Faire Collection
The Nielsen Company,45070,nielsen.com,8280,0,156,Nielsen
Nielsen Norman Group,158643,nngroup.com,18002,0,123,Nielsen
Nielsen,15085,nngroup.com,18002,0,0,Nielsen
Nielsen Software Consulting,10129298,mbox302.tele2.se,31965,0,132,Nielsen
Nielsen Online,5057,nielsen-online.com,265414,0,-127,Nielsen
nielsensocial.com,306254,nielsensocial.com,528437,0,-97,Nielsen
Louis Nielsen,10613330,louisnielsen.dk,618623,0,-80,Nielsen
Nielsen-Kellerman,175541,nkhome.com,700086,0,102,Nielsen
Pedersen & Nielsen - Volvo/Renault - Aalborg,10225428,knudsen.mail.dk,1977710,0,,Nielsen
NetRatings,127879,nielsen-netratings.com,3455716,0,-90,Nielsen
Nielsen Fitness Personal Training,10293785,nielsenfitness.com,4030267,0,-31,Nielsen
Nielsen & Kilbourne LLC,10135135,nielsenk.com,4820638,0,2,Nielsen
Lars Nielsen,5356,discoverlars.wordpress.com,5912152,0,0,Nielsen
Peter Nielsen & Partners Law Office,10404462,pnplaw.pl,7153889,0,24,Nielsen
The Nielsen Eye Center,10608248,golasik.net,10498236,0,-6,Nielsen
"Nielsen, Zehe and Antas P.C.",10225041,nzalaw.com,15375877,0,12,Nielsen
nielsenbuzzmetrics.com,10982494,nielsenbuzzmetrics.com,18540862,0,-11,Nielsen
"D. James Nielsen CPA, PC",10320995,djncpa.com,20038077,0,0,Nielsen
Nielsen Communications,10330328,nielsen.bz,22006404,0,-46,Nielsen
Ltz Nielsen Consulting,10515240,ltznielsen.com,100000000000000,0,,Nielsen
Rick Nielsen,17469,"",100000000000000,0,0,Nielsen
Mærsk Nielsen HR,10643083,maersk-nielsen.dk,100000000000000,0,,Nielsen
Nielsen IT Consulting Inc.,10793282,nielsenitconsulting.com,100000000000000,0,-2,Nielsen
"Nielsen Global Enterprises, Inc.",10758655,rosamedicalsupply.com,100000000000000,0,,Nielsen
Henneby Nielsen,10760962,henneby.dk,100000000000000,0,6,Nielsen
Nicolaj H. Nielsen,15893,"",100000000000000,0,0,Nielsen
DEHLER & NIELSEN ApS,10371332,dehler-nielsen.com,100000000000000,0,,Nielsen
Nielsen Steel Solutions,10471975,nielsensteel.eu,100000000000000,0,,Nielsen
Paul Nielsen Business Interior Consultants Ltd.,10454376,pnielsenconsultants.com,100000000000000,0,,Nielsen
"Carvajal & Nielsen, PC",10476721,cnpclaw.com,100000000000000,0,,Nielsen
ABN Consulting,10440280,borgen-nielsen.dk,100000000000000,0,0,Nielsen
Erhvervspsykologerne Kit Sanne Nielsen ApS,10522422,erhpsyk.dk,100000000000000,0,,Nielsen
Thomas Nielsen,27290,"",100000000000000,0,0,Nielsen
Erik O. Nielsen A/S,10555994,rydeng.com,100000000000000,0,,Nielsen
Ricki Nielsen,10515664,nielsen.dk,100000000000000,0,-9,Nielsen
Helle-Nielsen Ink Ltd,10538050,helle-nielsenink.com,100000000000000,0,,Nielsen
"Nielsen Enterprises LLC, d/b/a Designed To Sell, LLC",10535787,dtsell.com,100000000000000,0,,Nielsen
Bloch Nielsen,10553150,bloch-nielsen.dk,100000000000000,0,,Nielsen
Olsen & Nielsen,10732141,olsenognielsen.dk,100000000000000,0,,Nielsen
R.W. Nielsen Company,10659479,rwnco.com,100000000000000,0,-13,Nielsen
"The Nielsen Law Firm, P.L.L.C.",10659625,theboobproject.com,100000000000000,0,,Nielsen
"Nielsen & Mukerji, LLP",10672577,nm-lawyers.com,100000000000000,0,,Nielsen
Anastasis,10325692,cv-nielsen.dk,100000000000000,0,,Nielsen
Nielsen Pakistan,10390107,marspk.com,100000000000000,0,-40,Nielsen
Century 21 Beachside,10201223,nielsenlabs.com,100000000000000,0,-3,Nielsen
NIELSEN INNOVATION,10331798,nielsen-innovation.com,100000000000000,0,,Nielsen
Lene Nielsen - User Focus & Innovation,10217899,lenenielsen.com,100000000000000,0,,Nielsen
Nielsen Hosting,10330577,nielsenhosting.com,100000000000000,0,-19,Nielsen
Nielsen & Co. ApS,10189988,nieco.dk,100000000000000,0,,Nielsen
cValue,265732,nielseninnovate.com,100000000000000,0,-44,Nielsen
ClassPass,253037,classpass.com,20549,0,1273,ClassPass
BJC Branding,10796389,bjcbranding.com,5572028,0,-27,BJC Branding
Hack Pack,10994335,hackpack.press,1907409,0,88,Hack Pack
stensul,11149870,stensul.com,4335688,0,79,stensul
switchon.eaton.com,282656,switchon.eaton.com,34911,0,92,Eaton
Eaton Corporation,49007,eaton.com,34911,0,97,Eaton
eaton.k12.co.us,11122402,eaton.k12.co.us,36765,0,-65,Eaton
EatOnGo.in,10898365,eatongo.in,246804,0,212,Eaton
eatonhand.com,11182320,eatonhand.com,341267,0,6,Eaton
Eatonomist,11150962,eatonomist.com,450938,0,-240,Eaton
corporate.eatonvance.com,312412,corporate.eatonvance.com,510195,0,580,Eaton
Eaton Vance Corp.,10249292,eatonvance.com,510195,0,-69,Eaton
eatoncompressor.com,10931779,eatoncompressor.com,902921,0,-109,Eaton
Van Eaton & Romero Realtors,10147816,vaneatonromero.com,1300443,0,74,Eaton
eatonassoc.com,11107883,eatonassoc.com,1790557,0,-168,Eaton
Eaton Towers,10338268,eatontowers.com,2037593,0,-81,Eaton
Eaton Partners,10866507,eatonpartnersllc.com,2338536,0,18,Eaton
"Community Mental Health Authority of Clinton, Eaton and Ingham Counties",10322408,ceicmh.org,2623541,0,-54,Eaton
Eaton Steel Bar Company,10316338,eatonsteel.com,2688200,0,45,Eaton
Dix & Eaton,11087178,dix-eaton.com,3570461,0,75,Eaton
Pine Belt Chevrolet of Eatontown,10110598,pinebeltauto.com,7361497,0,4,Eaton
"Yates, Matthews & Eaton, P.C.",10860084,yatesmatthews.com,8153741,0,17,Eaton
Eaton Green Estate Agents,10308661,eatongreen.com,8226937,0,-13,Eaton
Eaton Medical,10616508,easyeyes.com,9067848,0,17,Eaton
Eaton Metal Products Company,10086540,eatonmetal.com,14882244,0,6,Eaton
Eaton Insurance Services,10535395,eatoninsuranceservices.com,16030955,0,2,Eaton
Ashanti Eaton,10522803,ashantieaton.com,16519836,0,-8,Eaton
Eaton Escrow,10809258,eatonescrow.com,17695837,0,-15,Eaton
Eaton Sales LLC,10860305,eatonsales.com,18849849,0,-50,Eaton
eatontario,10244640,eatontario.ca,100000000000000,0,,Eaton
"Roy & Eaton, P.A.",10672192,royandeaton.com,100000000000000,0,,Eaton
Eaton Financial Services,10550742,eatonfs.com,100000000000000,0,,Eaton
Eaton Insurance Agency,10319485,eatoninsurance.net,100000000000000,0,5,Eaton
The Law Office of Jacqueline M. Eaton,10518629,jmeatonlaw.com,100000000000000,0,,Eaton
Eaton Art Gallery,10298830,eatonartgallery.com,100000000000000,0,,Eaton
Eaton National Bank & Trust Co,211061,enbbank.com,100000000000000,0,-3,Eaton
Eaton Rapids Castings LLC,10348042,ercastings.com,100000000000000,0,,Eaton
Lucy Eaton Corder Consulting,10526588,lucyeatoncorder.com,100000000000000,0,,Eaton
"Eaton-Cambridge, Inc.",10637622,cambridgewm.com,100000000000000,0,,Eaton
John Eaton Designs,10607305,johneatondesigns.com,100000000000000,0,,Eaton
Eaton Pharmaceutical Resources,10585587,eatonpharmaresources.com,100000000000000,0,,Eaton
Eaton Gorge Theatre Company,10610335,egtc.com.au,100000000000000,0,0,Eaton
Eaton Financial & Tax PLLC,10445558,eatontax.com,100000000000000,0,,Eaton
Eaton Rapids Medical Center,10436399,ermchealth.org,100000000000000,0,8,Eaton
Eaton House Investments,10801021,eaton-house.com,100000000000000,0,,Eaton
CHURCH EATON INSURANCE,10821805,churcheaton.com,100000000000000,0,,Eaton
Eatoni Ergonomics,38433,eatoni.com,100000000000000,0,-5,Eaton
EATON Building Services,10080922,eatonbuildingservices.net,100000000000000,0,,Eaton
Eatonline,93187,eatonline.eu,100000000000000,0,-18,Eaton
eatonomy,128261,eatonomy.com,100000000000000,0,-3,Eaton
East of Eaton,10191730,eastofeaton.com,100000000000000,0,,Eaton
eatonisd.org,11122403,eatonisd.org,100000000000000,0,,Eaton
Rick Eaton,5447,"",100000000000000,0,0,Eaton
Eaton Arrowsmith School Victoria,10678032,eatonarrowsmithschool.com,100000000000000,0,-6,Eaton
mbi-inc.com,11108566,mbi-inc.com,2300455,0,117,MBI Inc.
MBIA Inc.,220297,mbia.com,4496030,0,14,MBI Inc.
"MBI Solutions, Inc.",10543900,mbi-solutions.com,9550208,0,-11,MBI Inc.
MBI Inc.,10187882,osherl.com,22077598,0,-19,MBI Inc.
MindSoft Bioware Incorporated,10874473,mbioware.com,100000000000000,0,,MBI Inc.
"MacArthur & Baker International, Inc.",10464853,mbicfs.com,100000000000000,0,-24,MBI Inc.
Salesforce,24774,salesforce.com,188,0,0,salesforce.com
Salesforce Ventures,23525,salesforce.com,188,0,0,salesforce.com
salesforceiq.com,11149414,salesforceiq.com,23366,0,1315,salesforce.com
salesforcemarketingcloud.com,11201817,salesforcemarketingcloud.com,281109,0,613,salesforce.com
Sales Force Europe,81423,salesforceeurope.com,2781410,0,47,salesforce.com
Sales Force Recruitment,10335181,salesforcejobs.com.au,6399939,0,39,salesforce.com
SaaS Solutions - salesforce.com Certified Partner,10368989,mysalesforcecrm.com,7007484,0,-1,salesforce.com
Sales Force Dynamics,10448144,salesforcedynamics.com,22013303,0,0,salesforce.com
Sales Force Latianamerica Ltda.,10723349,salesforcela.com,100000000000000,0,0,salesforce.com
Salesforce Assessments,60905,salesforceassessments.com,100000000000000,0,-5,salesforce.com
AppBuddy,10537830,salesforceappbuddy.com,100000000000000,0,5,salesforce.com
SalesforceCAD,43239,salesforcecad.com,100000000000000,0,0,salesforce.com
SalesForceXP,10808905,salesforcexp.com,100000000000000,0,,salesforce.com
Salesforce Mentor,10765491,salesforcementor.com,100000000000000,0,,salesforce.com
The SalesForce Group,10602398,thesalesforcegroup.com,100000000000000,0,,salesforce.com
"SalesForce Recruiters, Inc.",10140170,salesforcerecruiters.com,100000000000000,0,20,salesforce.com
Sales Force Safety Pty Ltd,10449740,salesforcesafety.com,100000000000000,0,-4,salesforce.com
MOVE Systems,11073838,movesystems.com,7708179,0,-67,MOVE Systems
Movement Systems,10602218,movementsystems.org,100000000000000,0,,MOVE Systems
MoveeCom Systems,10456252,moveecom.com,100000000000000,0,,MOVE Systems
CoreVYO Movement Systems,285152,corevyo.com,100000000000000,0,3,MOVE Systems
AptAmigo,11236830,aptamigo.com,1899174,0,,AptAmigo
AptAmigo,11149056,"www,aptamigo.com",100000000000000,0,,AptAmigo
Agrilyst,11044008,agrilyst.com,498856,0,253,Agrilyst
M.M. Lafleur,252590,mmlafleur.com,153613,0,409,MM.LaFleur
Chromatik,71677,chromatik.com,117987,0,137,Chromatik
Chromatik,10743881,chromatikmusic.com,100000000000000,0,,Chromatik
CrowdStar,29693,crowdstar.com,732642,0,-281,Crowdstar
CrowdStarter,10124399,crowdstarter.com,4678511,0,19,Crowdstar
Crowdstart,11027922,crowdstart.com,100000000000000,0,12,Crowdstar
Dotsub,1713,dotsub.com,113853,0,-18,Dotsub.com
Firecracker,132009,firecracker.me,118970,0,168,Firecracker
Firecracker Films,10147598,firecrackerfilms.com,2932924,0,-8,Firecracker
Firecracker Software LLC,11030987,firecrackersw.com,4600980,0,15,Firecracker
Jozi Firecracker Factory,10350523,jozifirecrackerfactory.com,18569765,0,0,Firecracker
Texas Firecrackers,10691133,texasfirecrackers.com,100000000000000,0,-3,Firecracker
Fluent City,10919340,fluentcity.com,787226,0,-49,Fluent City
Fueled,69592,fueled.com,101543,0,60,Fueled
fueledbyramen.com,11185316,fueledbyramen.com,331737,0,165,Fueled
Fueled,136195,fueled.me,100000000000000,0,0,Fueled
Data Fueled,10159914,datafueled.com,100000000000000,0,,Fueled
Smashed Bros: The Beer Fueled Brawler,258887,hopeandmayhem.com,100000000000000,0,0,Fueled
Gameface Media,291487,gamefacemedia.com,203156,0,449,Gameface Media
Goennounce,48973,goennounce.com,1016471,0,139,GoEnnounce.com
Intrans,274387,intrans.com,16195327,0,-1,Intrans
intransol,10614168,intransol.com,22344374,0,-21,Intrans
"Pessoal e Intransmissivel, Lda.",10765874,pessoaleintransmissivel.pt,100000000000000,0,13,Intrans
inTransition Personal Recovery Assistantce,10250523,intransitionpra.com,100000000000000,0,,Intrans
Kingdom Federal Credit Union,10411224,intransys.us,100000000000000,0,,Intrans
InTransit BC,10517391,intransitbc.ca,100000000000000,0,,Intrans
Intransa,21541,intransa.com,100000000000000,0,-12,Intrans
Keaton Row,130472,keatonrow.com,528796,0,292,Keaton Row
KISSmetrics,4993,kissmetrics.com,5835,0,321,KISSmetrics
LeagueApps,178032,leagueapps.com,70521,0,261,LeagueApps
Learnmetrics,101806,learnmetrics.com,3835776,0,35,Learnmetrics
Learnmetrics,10644454, learnmetrics.com,100000000000000,0,,Learnmetrics
The Minerva Project,85024,minervaproject.com,1300383,0,144,Minerva Project
Panjo,109023,panjo.com,94995,0,249,Panjo
Panjo Photography,10330366,panjophotography.com.au,100000000000000,0,,Panjo
panjovia.com,10960609,panjovia.com,100000000000000,0,,Panjo
Red Rover Pet Services LLC,10674336,redrovercomeover.com,7956579,0,36,Red Rover
Red Rover,61077,redroverhq.com,21453291,0,-33,Red Rover
Red Rover Public Relations,10551006,redroverstyle.com,100000000000000,0,20,Red Rover
Red Rover Media,10446962,redrovermedia.com,100000000000000,0,0,Red Rover
Red Rover Dog Walking Services,10633885,redroverseattle.com,100000000000000,0,,Red Rover
SeedInvest,89809,seedinvest.com,196205,0,323,SeedInvest
SeedInvest,20037,seedinvest.com,196205,0,0,SeedInvest
Fongit Seedinvest,25633,wpfsi.fongitseedinvest.com,6108874,0,0,SeedInvest
Seed Investment Consultants (Pty) Ltd,10964782,seedinvestments.co.za,7016810,0,16,SeedInvest
Simple Energy,53713,simpleenergy.com,2149939,0,101,Simple Energy
"Simple Energy Consulting, LLC",10391763,simpleenergyconsulting.com,100000000000000,0,,Simple Energy
Racold Solar,10689138,simplex-energy.com,100000000000000,0,60,Simple Energy
Energy Simple,11216708,energysimple.com,100000000000000,0,,Simple Energy
SmartAsset,93857,smartasset.com,34703,0,474,SmartAsset.com
Business Startup Institute,10512575,businesses2learn.com,100000000000000,0,,Startup Institute
STELLAService,31729,stellaservice.com,198171,0,15,StellaService
STELLAService,31729,stellaservice.com,198171,0,15,StellaService
StraighterLine,54621,straighterline.com,131618,0,-29,StraighterLine
THINX,10892476,shethinx.com,51951,0,462,THINX
THINX,10892476,shethinx.com,51951,0,462,THINX
ThinxNet,10996435,thinxnet.com,7454522,0,21,THINX
ThinxNet,10996435,thinxnet.com,7454522,0,21,THINX
Thinxtream Technologies,10132330,thinxtream.com,10822230,0,-4,THINX
Thinxtream Technologies,10132330,thinxtream.com,10822230,0,-4,THINX
Thinxworks,10112693,thinxworks.com,100000000000000,0,-7,THINX
Thinxit,10267942,thinxit.com,100000000000000,0,,THINX
Thinxit,10267942,thinxit.com,100000000000000,0,,THINX
Thinxworks,10112693,thinxworks.com,100000000000000,0,-7,THINX
TrackMaven,151795,trackmaven.com,116200,0,528,TrackMaven
YouAppi,91951,youappi.com,278184,0,294,youAPPi
Zady,114338,zady.com,128353,0,500,Zady
Zady,114338,zady.com,128353,0,500,ZADY
Zealot Networks,10015553,zealotnetworks.com,879063,0,190,Zealot Networks
Zola,193753,zola.com,64706,0,602,Zola.com
zolahost.com,11247185,zolahost.com,108894,0,,Zola.com
Zola Books,149996,zolabooks.com,1401121,0,-4,Zola.com
Zolanis,11082531,zolanis.com,1432287,0,-329,Zola.com
Zolar Technology & Mfg Co. Inc,151623,zolartek.com,3597845,0,-46,Zola.com
Zola,268185,wearzola.com,5239264,0,21,Zola.com
Zola Distributing,10732871,zoladist.com,7721939,0,24,Zola.com
zolair-energy.com,10693688,zolair-energy.com,8932125,0,12,Zola.com
"Vip Dekorasyon, ?zolasyon ve Yal?t?m",11087832,vipdekorasyon.com,17483589,0,12,Zola.com
"ZOLAR Entertainment, LLC.",10926780,zolarentertainment.com,100000000000000,0,-23,Zola.com
Zolaks,11062447,zolaks.com,100000000000000,0,-48,Zola.com
zolark.com,11145548,zolark.com,100000000000000,0,5,Zola.com
Zola Fruits of the World,10702699,zolaacai.com,100000000000000,0,27,Zola.com
Direct Match,11019441,directmatch.com,2897978,0,182,Direct Match
Direct Match Media,10629076,directmatchmedia.com,20906341,0,-23,Direct Match
Direct Match,10895342,directmatchx.com,100000000000000,0,32,Direct Match
Genentech,294716,gene.com,39562,0,266,Genentech
genentech.com,281203,genentech.com,8971717,0,-5,Genentech
hellermanntyton.com,10984248,hellermanntyton.com,1012432,0,-11,HellermannTyton
hellermanntyton.us,11221817,hellermanntyton.us,1201925,0,123,HellermannTyton
HellermannTyton France,10600709,hellermanntyton.fr,2371347,0,-5,HellermannTyton
HellermannTyton Nederland/België,10252620,hellermanntyton.nl,10085004,0,53,HellermannTyton
Ebo Worlwide GmbH,67884,eboworldwide.com,100000000000000,0,7,ebow
Intrinio,10922827,intrinio.com,2349130,0,149,Intrinio
HealPros,10349619,healpros.com,9699376,0,-40,HealPros
The Business Backer,173622,businessbacker.com,1416178,0,120,The Business Backer
Great Ecology,174584,greatecology.com,4231542,0,59,Great Ecology
Maker Media,207636,makermedia.com,318369,0,246,Maker Media
Web Media Makers,11046979,webmediamakers.com,688020,0,-298,Maker Media
Makery Media,10041228,makeryblog.com,100000000000000,0,0,Maker Media
Decision Maker Media,17256,decisionmakermedia.com,100000000000000,0,-4,Maker Media
Social Media Makers,10087842,socialmediamakers.com,100000000000000,0,-1,Maker Media
ZogSports,10296848,zogsports.org,100000000000000,0,-252,ZogSports
The Zebra,218741,thezebra.com,131579,0,182,The Zebra
CrowdComfort,220937,crowdcomfort.com,3529492,0,75,CrowdComfort
Planwise,62763,planwise.com,1061775,0,-47,Planwise
3DPrinterOS,10899186,3dprinteros.com,657116,0,164,3DPrinterOS
Kinvey,65389,kinvey.com,83157,0,239,Kinvey
Ajax Union,77703,ajaxunion.com,1597738,0,-117,Ajax Union
Dashbid,125471,dashbid.com,92052,0,286,DashBid
BigRentz.com,224995,bigrentz.com,780469,0,135,BigRentz.com
Notions Marketing,10514329,notionsmarketing.com,83859,0,-42,Notion
Notion Press,107334,notionpress.com,219045,0,95,Notion
Notion Technologies,103793,notiontechnologies.com,451024,0,52,Notion
Notion Capital,3290,notioncapital.com,478606,0,0,Notion
Notion,10926653,getnotion.com,536902,0,356,Notion
Notion Ink Design Labs,32531,notionink.com,681823,0,66,Notion
Notion,10937292,usenotion.com,1585922,0,140,Notion
Music HQ Media / Notion Magazine,10834589,notionmag.com,1975229,0,-52,Notion
Idea Notion Development Inc.,241940,ideanotion.net,2650206,0,-45,Notion
notion.net.in,10918448,notion.net.in,2956339,0,48,Notion
Curious Notions,10870880,curiousnotions.com,3010947,0,-64,Notion
"Super Ubi Land (PC, Mac, Linux, Wii U)",256291,notiongames.com,3260521,0,-16,Notion
Mojo Notion Advanced Technology  Solutions,105506,mojonotion.com,3852335,0,-15,Notion
Notion Music,58912,notionmusic.com,4387423,0,-67,Notion
NotionTheory,10909313,notiontheory.com,5922676,0,41,Notion
Quiet Notion,152987,quietnotion.com,8790314,0,4,Notion
"Sharp Notions, LLC",10786777,sharpnotions.com,9564181,0,-8,Notion
Notion,214787,madebynotion.com,14533801,0,-9,Notion
Notion Magazine,10075600,musichqmedia.com,16156254,0,0,Notion
Notion Systems,114003,notion-systems.com,17925488,0,7,Notion
SSG Notion Stainless Steel and Glass Design,10647160,ssgnotion.com,19692409,0,-12,Notion
Core Notions,10737850,corenotions.com,19863264,0,0,Notion
"Dance Notions, LLC",10774664,dancenotions.com,22511603,0,13,Notion
Creative Notions,10744305,embroiderysoftware.co.za,22655444,0,-32,Notion
Notion Learning,35182,notionlearning.com,100000000000000,0,0,Notion
Gift Notions,50500,giftnotions.com,100000000000000,0,0,Notion
FUTURE NOTION,81255,futurenotion.com,100000000000000,0,-8,Notion
Notion Age Pte. Ltd.,17227,notionage.com,100000000000000,0,-129,Notion
NotionPath,138818,notionpath.com,100000000000000,0,-3,Notion
Notional Chemical And Dyes Company,203225,notionalchemicalanddyes.org,100000000000000,0,0,Notion
NotionInMotion Inc.,227564,nimyum.com,100000000000000,0,-18,Notion
Alliance Making and Generate Intelligent Notion (AMGIN&Company),10758592,amgin.biz,100000000000000,0,,Notion
Notion Potion Web Design,10455154,notionpotion.com,100000000000000,0,,Notion
Notioncloud Ltd,10472902,notioncloud.com,100000000000000,0,,Notion
"Extreme Notions, LLC",10131115,extremenotions.com,100000000000000,0,,Notion
Public Notions,10510058,publicnotions.com,100000000000000,0,0,Notion
Notion Design,10543230,notion-design.co.uk,100000000000000,0,,Notion
Agile Notion Limited,10534523,agilenotion.com,100000000000000,0,,Notion
Semantic Notion,10548457,semanticnotion.com,100000000000000,0,-26,Notion
Notion Dynamics,10301138,notiondynamics.com,100000000000000,0,-4,Notion
NOTIONGRAPHICS SRL,10284753,notiongraphics.com.ar,100000000000000,0,,Notion
NotionONE,10101603,notionone.com,100000000000000,0,7,Notion
Visual Notion,10174870,visualnotion.com,100000000000000,0,-18,Notion
Foggy Notions,10174504,foggy-notions.com,100000000000000,0,0,Notion
Surreal Notions,14252,surrealnotions.com,100000000000000,0,0,Notion
notion.co,10931374,notion.co,100000000000000,0,-80,Notion
Carving Notions Technologies,11084789,carvingnotions.com,100000000000000,0,-29,Notion
notion.is,10365339,notion.is,100000000000000,0,-126,Notion
Solar Notion,24666,solarnotion.com,100000000000000,0,0,Notion
Lucrative Notions,10975450,lucrativenotions.com,100000000000000,0,,Notion
For Your Imagination,8640,foryourimagination.com,126271,0,51,Imagination
Imagination Technologies,18964,imgtec.com,126477,0,215,Imagination
Pure (Imagination Technologies),10805637,pure.com,172956,0,-129,Imagination
"Imagination Station, Toledo's Science Center",10043010,imaginationstationtoledo.org,601675,0,146,Imagination
Imagination for People,157840,imaginationforpeople.org,772492,0,77,Imagination
Imagination,174770,imaginepub.com,828804,0,25,Imagination
"Pure Imagination, Inc.",132694,purei.com,1252687,0,10,Imagination
Geared For Imagination,237469,gearedforimagination.com,1846466,0,26,Imagination
Imagination Plus,15890,imaginationplus.com,5195905,0,31,Imagination
PAPER PUNK - paper building blocks for your imagination,255547,paperpunk.com,5853860,0,16,Imagination
"In Its Image, Inc.",10073486,imagination-engines.com,7997020,0,-3,Imagination
Global Imagination,157542,globalimagination.com,9622987,0,41,Imagination
Lucid Imagination,124598,lucidimagination.com,12386389,0,34,Imagination
Imagination Technologies/FRS,174444,frssoftware.com,13162473,0,14,Imagination
Digital imagination,10232165,labnium.org,13340306,0,-7,Imagination
D SOFTDESIGN - web & imagination,10122321,dsoftdesign.com.br,13567151,0,-71,Imagination
NEW HOLHO: The Easiest and Coolest way to make HOLHO-gr,262669,imaginationfarmusa.com,15981147,0,-12,Imagination
Imagination Lab,10242069,imaginationlab.nl,21704241,0,-31,Imagination
Imagination Factory,10244420,imagination-factory.org,100000000000000,0,,Imagination
Sheer Imagination LLC,10099602,sheercorp.com,100000000000000,0,5,Imagination
Imagination Print & Design,10144556,imaginationprintanddesign.com,100000000000000,0,,Imagination
Imagination Research Labs,234519,imaginationresearchlabs.com,100000000000000,0,-2,Imagination
IMAGINATION Studios & Publicity Group,10098881,imaginationoakland.com,100000000000000,0,,Imagination
Imagination Apps,215228,imagination-apps.com,100000000000000,0,0,Imagination
Mary's Imagination,10104535,marysimagination.com,100000000000000,0,,Imagination
Imagination Computer Services GmbH,10131920,imagination.at,100000000000000,0,-78,Imagination
The (Re)Imagination Group,10103820,reimaginationgroup.com,100000000000000,0,,Imagination
"UTOPIAfest - The Tel-Aviv International Festival for Science-Fiction, Imagination and the Future",10139354,icon.org.il,100000000000000,0,-4,Imagination
Imagination Photo Services,10203760,carmencuisineandtravel.com,100000000000000,0,,Imagination
Northern Imagination LLC,144286,northernimaginatiion.com,100000000000000,0,0,Imagination
Perfect Imagination,136963,perfect.vc,100000000000000,0,2,Imagination
The Imagination Workshop Ltd,10175635,theimaginationworkshop.co.uk,100000000000000,0,,Imagination
The Imagination Station at Roosevelt Park,10163229,facethestation.com,100000000000000,0,-8,Imagination
Bionic Fighters- Super Smash Bros Style Combat,261286,imaginationvent.com,100000000000000,0,5,Imagination
Imagination Works,269180,imaginationworksla.com,100000000000000,0,-1,Imagination
"NEMOLAND ""BEHIND THE SCENES OF IMAGINATION""",10785321,nemoland.it,100000000000000,0,,Imagination
Imagination Planet,10052667,imagination-planet.com,100000000000000,0,0,Imagination
Aggressive Imagination,10772993,aggressiveimagination.com,100000000000000,0,-5,Imagination
Mor Imagination LLP,10800759,mor-design.co.uk,100000000000000,0,,Imagination
Foster Imagination,10760820,buzzfoster.com,100000000000000,0,,Imagination
Imagination - Image Consultancy,10398577,imaginationonline.info,100000000000000,0,-11,Imagination
Poire Image & Imaginations,10375264,poire.nl,100000000000000,0,-11,Imagination
Imagination Exchange,10464132,imaginationexchange.com,100000000000000,0,,Imagination
Aagney Consulting LLC (Imagination through Execution),10417590,aagney.com,100000000000000,0,,Imagination
Comma Imagination,10423149,comma.ca,100000000000000,0,-16,Imagination
The Imagination Factory,10523274,theimaginationfactory.co,100000000000000,0,,Imagination
Mullins Imagination,10556295,mullinsimagination.com,100000000000000,0,,Imagination
Natural Imagination Gallery,10556414,naturalimagination.com,100000000000000,0,,Imagination
Patches' Imagination Playzone,10558219,patchesplayzone.com,100000000000000,0,-1,Imagination
Multisensory Interventions and Kids Can Succeed,10510480,imaginationgym.ws,100000000000000,0,,Imagination
Skånska Byggvaror,11226648,skanskabyggvaror.se,185070,0,253,Skanska
Skanska,11065640,skanska.com,236254,0,-114,Skanska
Skanska Balfour Beatty Joint Venture,10081171,sbbjv.co.uk,100000000000000,0,,Skanska
Truveris,56837,truveris.com,3328092,0,84,Truveris
Everyday Health,154873,everydayhealth.com,2406,0,74,Everyday Health
Everyday Health,10904343,awards.digitalhealthsummit.com,1707362,0,,Everyday Health
BuzzFeed,1003,buzzfeed.com,124,0,1580,BuzzFeed
Sandag,187438,sandag.org,560073,0,48,SANDAG
Lund Elmer Sandager,10305445,lundelmersandager.dk,3956732,0,-32,SANDAG
The Sandage Law Firm,10569713,sandagelaw.com,100000000000000,0,-13,SANDAG
Sandager Golfklub,10743951,sandager-golfklub.dk,100000000000000,0,0,SANDAG
Barclays Capital,295044,barcap.com,145801,0,190,Barclays Capital
Thomson Reuters,6799,thomsonreuters.com,3058,0,248,Thomson Reuters
Thomson Reuters,22107,thomsonreuters.com,3058,0,0,Thomson Reuters
WeComply-Thomson Reuters,10269584,wecomply.com,193476,0,-12,Thomson Reuters
Domínio Sistemas - Now part of Thomson Reuters,10727544,dominiosistemas.com.br,651644,0,25,Thomson Reuters
Ably AS a Thomson Reuters Company,10497376,ably.no,100000000000000,0,,Thomson Reuters
Thomson Reuters,10942768,thompsonreuters.com,100000000000000,0,,Thomson Reuters
Amazon,123197,amazon.com,6,0,937,Amazon.com
Amazon,13522,amazon.com,6,0,0,Amazon.com
Amazon Fresh,283784,fresh.amazon.com,6,0,859,Amazon.com
GamerDeal.TV,11049496,amazonaws.com,136,0,453,Amazon.com
paula frassinetti mattos advogados,10290628,amazon.com.br,3621,0,275,Amazon.com
Amazon Print,10249527,amazonprint.com.br,610130,0,161,Amazon.com
Magnum Indústria da Amazônia SA,10204946,magnumsa.com.br,1518862,0,42,Amazon.com
BS Informatica LTDA / Banco da Amazonia  (Cobra Tecnologia),10227751,cobra.com.br,1611396,0,-24,Amazon.com
Amazon Filler Item Finder,32093,filleritemfinder.com,2344524,0,-5,Amazon.com
"Amazonic Ventures, LLC dba Nativo Amazon Acai",10334346,nativoacai.com,3123588,0,59,Amazon.com
AmazonSupply,282746,amazonsupply.com,4040660,0,-196,Amazon.com
Amazon Veículos e Peças Ltda,10562445,vwamazon.com.br,5054235,0,-22,Amazon.com
Grupo Amazónia Hotéis,10201787,amazoniahoteis.com,7042591,0,25,Amazon.com
Amazoneg,10557160,web-4-all.com,10052017,0,13,Amazon.com
AmazonBella,154810,amazonbella.com,12901937,0,0,Amazon.com
"True Hero Events, Productions and Amazon Rep Services",10407398,trueheroevents.com,16766340,0,-4,Amazon.com
Amazon Energy Limited,10219143,amazon-energy.com,19402433,0,43,Amazon.com
Amazon Art Studio,272493,amazonartstudio.com,19663269,0,16,Amazon.com
TechIzzoid,245519,amazon.com (currently),100000000000000,0,,Amazon.com
Impressora Amazonense Ltda - IMPRAM,10091653,impram.com.br,100000000000000,0,,Amazon.com
AmazonDrops Organic Care for Skin & Hair,10117793,amazondrops.com,100000000000000,0,-16,Amazon.com
DIGITRON DA AMAZONIA INDUSTRIA E COMERCIO.S/A,10132398,digitron.com.br,100000000000000,0,39,Amazon.com
Águas do Amazonas,10082062,moinhosveracruz.com.br,100000000000000,0,,Amazon.com
Agência Amazônia - Marketing e Comunicação,10080391,agenciaamazonia.com,100000000000000,0,0,Amazon.com
"ADE, Inc.",242245,amazondecisionengine.com,100000000000000,0,0,Amazon.com
Dawn on the Amazon Cafe,10109597,dawnontheamazoncafe.com,100000000000000,0,-1,Amazon.com
Amazon Startups,197416,amazonstartups.com,100000000000000,0,0,Amazon.com
Amazon Music,10127624,a2z.com,100000000000000,0,-88,Amazon.com
Oud's Amazone Trading,10253957,amazone.com.au,100000000000000,0,-19,Amazon.com
BRASIL AMAZÔNIA PUBLICIDADE E MARKETING,10206489,brasilamazonia.com.br,100000000000000,0,,Amazon.com
CFC DA AMAZONIA LTDA,10159321,cfcdaamazonia.com.br,100000000000000,0,,Amazon.com
The Amazon Handbook,10158299,visitmanaus.com,100000000000000,0,0,Amazon.com
Amazon Relocation Moving & Storage,107931,amazonrelocation.com,100000000000000,0,-4,Amazon.com
Flight of the Amazon Queen – Android Retro Adventure Ga,260550,serendipity-apps.com,100000000000000,0,47,Amazon.com
Career Amazon,15775,careeramazon.com,100000000000000,0,7,Amazon.com
Amazon Falls Co. Ltd,10293949,amazonfallsthailand.com,100000000000000,0,,Amazon.com
s3.amazonaws.com,312174,s3.amazonaws.com,100000000000000,0,27,Amazon.com
Sustainable Amazon Inc.,10803505,sustainableamazon.com,100000000000000,0,,Amazon.com
OGasta.com,10745642,amazonitbd.com,100000000000000,0,,Amazon.com
Amazonian Studios,10756363,amazonianstudios.com,100000000000000,0,,Amazon.com
Amazon Reforestation Project Inc.,10402956,amazonreforestation.us.com,100000000000000,0,,Amazon.com
Amazon Color,10040910,amazoncolor.com.br,100000000000000,0,0,Amazon.com
Amazonas Shopping,10378024,amshopping.com.br,100000000000000,0,-30,Amazon.com
Amazon Totem,10058260,amazontotem.com,100000000000000,0,0,Amazon.com
"Amazon Natural Essentials, LLC",10064947,amazonsaloninc.com,100000000000000,0,7,Amazon.com
Las Pirañas Amazónicas,10564702,laspiranasamazonicas.com,100000000000000,0,,Amazon.com
Amazonica Distribuidora Ltda,10490572,amazonica.com.co,100000000000000,0,,Amazon.com
Amazon-Dreams-2,195466,amazondreams.com.br,100000000000000,0,6,Amazon.com
Amazonian Trips/Chullachaqui Lodge,10495984,amazoniantrips.com,100000000000000,0,23,Amazon.com
Papyrus Chemicals Pvt. Ltd,10732205,amazon-papyrus.com,100000000000000,0,51,Amazon.com
Intelex,94991,intelex.com,158108,0,166,Intel
IntelligenceNODE,242930,intelligencenode.com,253452,0,228,Intel
Digital Intelligence Systems,98562,disys.com,321191,0,151,Intel
Intelligize,32126,intelligize.com,584527,0,113,Intel
Access Intelligence,19855,accessintel.com,759477,0,76,Intel
Intelligent Energy,21418,intelligent-energy.com,889764,0,90,Intel
IntelePeer,6321,intelepeer.com,893364,0,58,Intel
Signals Intelligence Group,227207,signalsgroup.com,1113930,0,62,Intel
Growth Intelligence,103470,growthintel.com,1146100,0,102,Intel
Intellitix,153681,intellitix.com,1408478,0,57,Intel
Intelligent Mechatronic Systems,161475,intellimec.com,1443192,0,61,Intel
Intellia Therapeutics,10885058,intelliatx.com,1475096,0,208,Intel
Agent Video Intelligence,20894,agentvi.com,1557604,0,42,Intel
K2 Intelligence,146636,k2intelligence.com,1633746,0,53,Intel
Flashpoint,10959819,flashpoint-intel.com,1900851,0,-4,Intel
IntelleGrow Finance,248751,intellegrow.com,1909892,0,47,Intel
Communication Intelligence Corp.,103775,cic.com,1943743,0,38,Intel
Blue Health Intelligence(BHI),177112,bluehealthintelligence.com,2200553,0,56,Intel
Intela,7013,intela.com,2624149,0,-322,Intel
Intellicyt,193300,intellicyt.com,2848538,0,54,Intel
Intelligent Beauty,33769,ibinc.com,3041007,0,-43,Intel
Intelleflex,12848,intelleflex.com,4704467,0,-4,Intel
OnAsset Intelligence,63016,onasset.com,5919635,0,5,Intel
Intellipharmaceutics International,218280,intellipharmaceutics.com,6223733,0,14,Intel
IntellinX,36809,intellinx-sw.com,7222903,0,69,Intel
Intelescope,10940685,intelescope.com,7487502,0,26,Intel
Intelomed,186359,intelomed.com,7910722,0,34,Intel
Wearable Intelligence,270901,wearableintelligence.com,9371068,0,102,Intel
IntelliCell™ BioSciences,157003,intellicellbiosciences.com,12112577,0,-1,Intel
Intelligent Fingerprinting,178905,intelligentfingerprinting.com,14807520,0,50,Intel
Collective Intellect,2531,collectiveintellect.com,15609716,0,-60,Intel
Intelliworks,3951,intelliworks.com,16206820,0,-1,Intel
DVS Intelestream,35303,dvs.tv,17321366,0,-4,Intel
InteliCloud Technology,17646,intelicloud.com,17675246,0,-25,Intel
Elastic Intelligence,53674,elasticintelligence.com,18484140,0,1,Intel
Music Intelligence Solutions,455,uplaya.com,21101468,0,-14,Intel
Intellon Corporation,11891,intellon.com,21387009,0,0,Intel
Intellikine,21477,intellikine.com,100000000000000,0,0,Intel
IntelliBatt,93392,intellibatt.com,100000000000000,0,7,Intel
Intellione,33380,intellione.com,100000000000000,0,0,Intel
Sano Intelligence,90862,sanointelligence.com,100000000000000,0,-12,Intel
Intelliden,12865,intelliden.com,100000000000000,0,0,Intel
Intellitactics,41936,intellitactics.com,100000000000000,0,0,Intel
SQFive Intelligent Oilfield Solutions,17325,sqfive.ca,100000000000000,0,0,Intel
Anthem Healthcare Intelligence,61668,anthemhi.com,100000000000000,0,0,Intel
Clique Intelligence,151179,cliqueintelligence.com,100000000000000,0,28,Intel
Intellitect Water Holdings,42362,intellitect-water.co.uk,100000000000000,0,12,Intel
Intelliject,28291,intelliject.com,100000000000000,0,3,Intel
Site Intelligence,52067,site-intelligence.com,100000000000000,0,17,Intel
IntelliRad Control,160919,intelliradcontrol.com,100000000000000,0,0,Intel
Ipreo,38651,ipreo.com,209495,0,105,Ipreo
Ipreo,15773,ipreo.com,209495,0,0,Ipreo
UBS Investment Bank,14768,ibb.ubs.com,4977,0,0,UBS
UBS,282148,ubs.com,4977,0,148,UBS
UBS,282148,ubs.com,4977,0,148,UBS
UBS Investment Bank,14768,ibb.ubs.com,4977,0,0,UBS
IUT de Vannes,10324665,etud.univ-ubs.fr,184545,0,,UBS
IUT de Vannes,10324665,etud.univ-ubs.fr,184545,0,,UBS
ubspectrum.com,10781611,ubspectrum.com,490506,0,47,UBS
ubspectrum.com,10781611,ubspectrum.com,490506,0,47,UBS
UBS SDIC Fund Management Company Limited,10128897,ubssdic.com,877571,0,-30,UBS
UBS SDIC Fund Management Company Limited,10128897,ubssdic.com,877571,0,-30,UBS
universal business systems,10721756,ubsys.com,2279219,0,-15,UBS
universal business systems,10721756,ubsys.com,2279219,0,-15,UBS
UBS Escola de Negócios,10183223,ubs.edu.br,2618067,0,-25,UBS
UBS Escola de Negócios,10183223,ubs.edu.br,2618067,0,-25,UBS
United Bankshares Inc.,10386524,ubsi-inc.com,6431673,0,-13,UBS
United Bankshares Inc.,10386524,ubsi-inc.com,6431673,0,-13,UBS
ubsols.com,11143113,ubsols.com,7369439,0,77,UBS
ubsols.com,11143113,ubsols.com,7369439,0,77,UBS
Universal Buying Services-Panipat,10108626,ubservice.net,7703715,0,5,UBS
Universal Buying Services-Panipat,10108626,ubservice.net,7703715,0,5,UBS
Y Think Tank,11217809,ubs-y.com,8459501,0,30,UBS
Y Think Tank,11217809,ubs-y.com,8459501,0,30,UBS
United Business Solution,10532374,ubsgroup.me,9637819,0,-9,UBS
United Business Solution,10532374,ubsgroup.me,9637819,0,-9,UBS
United Bible Societies - ICAP,10297457,ubs-icap.org,12291822,0,10,UBS
United Bible Societies - ICAP,10297457,ubs-icap.org,12291822,0,10,UBS
ubs.gov.ua,280289,ubs.gov.ua,12968529,0,-14,UBS
ubs.gov.ua,280289,ubs.gov.ua,12968529,0,-14,UBS
Universal Business Structured Solution,10135346,ubssolution.com,13532336,0,7,UBS
Universal Business Structured Solution,10135346,ubssolution.com,13532336,0,7,UBS
ubsolutions.com,11103735,ubsolutions.com,13847521,0,-25,UBS
ubsolutions.com,11103735,ubsolutions.com,13847521,0,-25,UBS
UB Sistemas,10468702,ubsistemas.com.br,100000000000000,0,0,UBS
United Business Systems (UBS),10567856,ubsmail.com,100000000000000,0,,UBS
UB Securities London LLP,10313568,ubsecuritieslondon.com,100000000000000,0,,UBS
Ubster,187880,ubster.com,100000000000000,0,27,UBS
UB Solar,10219249,ubsolar.net,100000000000000,0,,UBS
Universal Business Systems Establishment,10769542,ubsystem.kz,100000000000000,0,-28,UBS
UB Sistemas,10468702,ubsistemas.com.br,100000000000000,0,0,UBS
Ultimate Business Solutions (UBS),10555453,ubs-eg.com,100000000000000,0,,UBS
United Business Systems (UBS),10567856,ubsmail.com,100000000000000,0,,UBS
Ultimate Business Solutions (UBS),10555453,ubs-eg.com,100000000000000,0,,UBS
Union Bankshares Corporation,10386523,ubsh.com,100000000000000,0,-4,UBS
Universal Business Systems Establishment,10769542,ubsystem.kz,100000000000000,0,-28,UBS
UB Solar,10219249,ubsolar.net,100000000000000,0,,UBS
UB Securities London LLP,10313568,ubsecuritieslondon.com,100000000000000,0,,UBS
"Unified Business Solutions, Inc.",10593857,ubsionline.com,100000000000000,0,-9,UBS
Union Bankshares Corporation,10386523,ubsh.com,100000000000000,0,-4,UBS
Ubster,187880,ubster.com,100000000000000,0,27,UBS
"Unified Business Solutions, Inc.",10593857,ubsionline.com,100000000000000,0,-9,UBS
UBSS,10590644,ubssllc.com,100000000000000,0,,UBS
Ubersky,10973164,ubskn.com,100000000000000,0,,UBS
ubsinc.com,11000945,ubsinc.com,100000000000000,0,,UBS
ubsinc.com,11000945,ubsinc.com,100000000000000,0,,UBS
Ubersky,10973164,ubskn.com,100000000000000,0,,UBS
UBSS,10590644,ubssllc.com,100000000000000,0,,UBS
Viacom,14753,viacom.com,60811,0,0,Viacom
Viacom,125074,viacom.com,60811,0,-47,Viacom
Viacom,125074,viacom.com,60811,0,-47,Viacom
Viacom,14753,viacom.com,60811,0,0,Viacom
viacomcareers.com,11105339,viacomcareers.com,298998,0,-164,Viacom
viacomcareers.com,11105339,viacomcareers.com,298998,0,-164,Viacom
VIACOM INTERNATIONAL MEDIA NETWORKS FRANCE,11032151,mtv.fr,325344,0,-33,Viacom
VIACOM INTERNATIONAL MEDIA NETWORKS FRANCE,11032151,mtv.fr,325344,0,-33,Viacom
viacom.de,10940641,viacom.de,1777014,0,-19,Viacom
viacom.de,10940641,viacom.de,1777014,0,-19,Viacom
Viacom Lab,10918888,viacomlab.com,12548739,0,26,Viacom
Viacom Lab,10918888,viacomlab.com,12548739,0,26,Viacom
Wiacom next Generation,10147973,viacom.net.br,100000000000000,0,,Viacom
Wiacom next Generation,10147973,viacom.net.br,100000000000000,0,,Viacom
Viacom7 Agência de Comunicação,10752734,viacom7.com.br,100000000000000,0,,Viacom
VIACOM NETWORKS BRASIL,10656252,viacombrasil.com,100000000000000,0,,Viacom
Via Communications,10376221,viacommunications.bg,100000000000000,0,,Viacom
VIA comunicación digital,10719511,viacomunicacion.com.ar,100000000000000,0,,Viacom
Viacom7 Agência de Comunicação,10752734,viacom7.com.br,100000000000000,0,,Viacom
VIA comunicación digital,10719511,viacomunicacion.com.ar,100000000000000,0,,Viacom
Via Communications,10376221,viacommunications.bg,100000000000000,0,,Viacom
VIACOM NETWORKS BRASIL,10656252,viacombrasil.com,100000000000000,0,,Viacom
Apple Vacations Inc.,10950166,applevacations.com,36753,0,-176,Apple Inc.
"Apple World, Inc.",10368555,post.appleworld.com,127809,0,,Apple Inc.
"Applegate Group, Inc.",10467171,applegategroup.com,3719261,0,34,Apple Inc.
Aly's Apples Inc.,10603111,alysapples.com,5613743,0,29,Apple Inc.
Applepalm Enterprise Inc,11059669,applepalm.com,7466950,0,37,Apple Inc.
DI-NO Computers Inc Apple Reseller,10585983,di-no.com,7608533,0,12,Apple Inc.
Apple Nannies Inc.,10497043,applenannies.com,10317863,0,-9,Apple Inc.
"Green Apple Entertainment, Inc.",10594919,greenapple-ent.com,13282938,0,-38,Apple Inc.
Applewood Controls Inc.,10710286,applewoodcontrols.com,13728488,0,-10,Apple Inc.
"Apple Valley Agency, Inc.",10818301,applevalleyagency.com,18415340,0,-16,Apple Inc.
"Apple Valley Transfer & Storage, Inc.",10835179,applevalleyatlas.com,19961362,0,-12,Apple Inc.
"Apple Personnel, Inc.",10095151,applepersonnel.com,100000000000000,0,,Apple Inc.
"Appleby & Company, Inc.",10237875,applebyco.com,100000000000000,0,-12,Apple Inc.
"Red Apple School Supply, Inc.",10652897,redapplesupply.com,100000000000000,0,,Apple Inc.
"Applegate, Inc.",10873371,steelapple.net,100000000000000,0,,Apple Inc.
"Wild Apple Marketing, Inc.",10536580,wildapplemarketing.com,100000000000000,0,,Apple Inc.
"Bob for Apples, Inc.",10477752,bobforapples.com,100000000000000,0,,Apple Inc.
Apple Realm Inc.,10853188,applerealm.com,100000000000000,0,,Apple Inc.
"Core Commercial, Inc. Appleton, WI",10190841,corewis.com,100000000000000,0,28,Apple Inc.
Red Apple Marketing International Inc.,10170206,redapplepartners.com,100000000000000,0,,Apple Inc.
Casper,245652,casper.com,23963,0,1075,Casper
Casper Star-Tribune,10498244,trib.com,101275,0,-55,Casper
Casper,11067070,casper.com.tr,109112,0,-58,Casper
Faculdade Cásper Líbero,10093244,casperlibero.edu.br,214932,0,-46,Casper
caspercollege.edu,11118376,caspercollege.edu,310633,0,228,Casper
"Casper Management Inc, aka Reel Theatres",10598034,reeltheatre.com,897420,0,43,Casper
Casper Journal,10306980,casperjournal.com,1495023,0,98,Casper
Casper BV,10407378,casper.aero,1824529,0,58,Casper
Sperati(Ca),10483204,casperatiplc.com,2514503,0,74,Casper
casperelectronics,10829512,casperelectronics.com,2880656,0,13,Casper
"Shadow Hills Golf Club, Billy Casper Golf",10688340,shadowhillsgolfclub.com,5494073,0,41,Casper
"CASPER media, s.r.o.",10396692,caspermedia.sk,8789806,0,15,Casper
casperminds.com,10675345,casperminds.com,10731258,0,9,Casper
CasperSpy,10548443,casperspy.com,13469456,0,-5,Casper
Casper's Truck Equipment,10439946,casperstruck.com,13782629,0,49,Casper
SISTERSHOPPING - Groupe CASPERA SA,10267184,sistershopping.com,14547342,0,-14,Casper
Detroit Lacrosse Club,10169197,caspercorp.com,14934435,0,-11,Casper
caspercompany.com,11001855,caspercompany.com,16514965,0,0,Casper
casper-ramada.com,11090465,casper-ramada.com,21058461,0,-8,Casper
Bureau Sølberg,10518775,caspersoelberg.dk,100000000000000,0,,Casper
Cásper Jr,10526194,casperjr.com.br,100000000000000,0,,Casper
Casper Shipping Ltd,10504494,casperltd.com,100000000000000,0,9,Casper
Casper & Gambini's,10481050,almawaed.com,100000000000000,0,,Casper
Casper Youth for Christ,10777542,yfci.net,100000000000000,0,,Casper
Caspertel Inc.,10740484,caspertel.com,100000000000000,0,80,Casper
Casperius - Partners in People Development,10771087,casperius.be,100000000000000,0,,Casper
De Sports Casper,10290914,desportscasper.com,100000000000000,0,,Casper
Casper Seven,132017,7th.io,100000000000000,0,0,Casper
Casper Radiology,10219900,casperradiology.com,100000000000000,0,-49,Casper
Casper Area Convention & Visitors Bureau,10598551,casperwyoming.info,100000000000000,0,,Casper
Casperdirks.nl,10275350,casperdirks.nl,100000000000000,0,-55,Casper
Sabrine Caspers Communicatie,10222094,sabrinecaspers.nl,100000000000000,0,,Casper
Casper Financial,10856038,greenstarinsurance.com,100000000000000,0,,Casper
Casper,10945353,caspersleep.com,100000000000000,0,-1,Casper
Casper Seven,233622,casper7.com,100000000000000,0,-16,Casper
Casper Seven,220218,casperseven.com,100000000000000,0,0,Casper
Casper Douglas Capital,10155679,casperdouglas.co.uk,100000000000000,0,-9,Casper
Caspervandertak Consulting,10160557,cvdtc.com,100000000000000,0,,Casper
Caspeco AB,11163263,casperminisystem.se,100000000000000,0,,Casper
casper1.com,11151621,casper1.com,100000000000000,0,,Casper
Double Robotics,98786,doublerobotics.com,341262,0,192,Double Robotics
Duolingo,88676,duolingo.com,1321,0,711,Duolingo
Duolingo for Schools,10944381,schools.duolingo.com,1321,0,,Duolingo
The New York Times,22232,nytimes.com,97,0,0,New York Times
New York Times,126283,nytimes.com,97,0,380,New York Times
New York Times Regional Media Group,10398805,blueridgenow.com,201477,0,157,New York Times
The New York Times - TimesTalks,11063789,timestalks.com,777390,0,244,New York Times
New York Times,125393,newyorktimes.com,1691490,0,234,New York Times
The New York Times,10919446,ontheavenuemarketing.com,10306177,0,20,New York Times
The New York Times Company,10745667,nytrng.com,18383696,0,5,New York Times
eShares,134748,esharesinc.com,201827,0,276,eShares
eShares,134748,esharesinc.com,201827,0,276,eShares
eShares,10881272,eshares.com,2451802,0,60,eShares
eShares,10881272,eshares.com,2451802,0,60,eShares
Adore Me,89917,adoreme.com,18540,0,624,Adore Me
Bolstr,51065,bolstr.com,973298,0,47,Bolstr
Dering Hall,151950,deringhall.com,136572,0,385,Dering Hall
Explain Everything,10987600,explaineverything.com,448281,0,583,Explain Everything
Global Relay,8192,globalrelay.com,176155,0,204,Global Relay
TopLine Game Labs,156096,toplinegamelabs.com,2487171,0,48,TopLine Game Labs
